,비고,수업시간표,대학,교수이름,시간표,이수구분,온/오프
0,[전환(화상)],화C 목C,일송자유교양대학,김설,대학영어1,기초,[전환(화상)]
1,[전환(화상)],월5,일송자유교양대학,홍순태,대학영어2,기초,[전환(화상)]
2,[전환(화상)],월7,일송자유교양대학,홍순태,대학영어2,기초,[전환(화상)]
3,[전환(화상)],화B 목B,일송자유교양대학,김설,대학영어2,기초,[전환(화상)]
4,[전환(화상)],월3,일송자유교양대학,김설,대학영어2,기초,[전환(화상)]
5,[전환(화상)],화D 목D,일송자유교양대학,김초록,대학영어2,기초,[전환(화상)]
6,[전환(화상)],화B 목B,일송자유교양대학,김초록,대학영어2,기초,[전환(화상)]
7,[전환(화상)],화D 목D,일송자유교양대학,김초록,대학영어2,기초,[전환(화상)]
8,[전환(화상)],화B 목B,일송자유교양대학,김초록,대학영어2,기초,[전환(화상)]
9,[전환(화상)],화D 목D,일송자유교양대학,이선아,대학영어2,기초,[전환(화상)]
10,[원어수업][전환(화상)],월7,일송자유교양대학,김영화,대학영어3,기초,[전환(화상)]
11,[전환(화상)],화E 목E,일송자유교양대학,김영화,대학영어3,기초,[전환(화상)]
12,[원어수업][전환(화상)],화D 목D,일송자유교양대학,최은옥,대학영어3,기초,[전환(화상)]
13,[원어수업][전환(화상)],화E 목E,일송자유교양대학,최은옥,대학영어3,기초,[전환(화상)]
14,[전환(화상)],화B 목B,일송자유교양대학,최은옥,대학영어3,기초,[전환(화상)]
15,[전환(화상)],월5,일송자유교양대학,BAEK THOMAS SEUNGWUN,대학영어3,기초,[전환(화상)]
16,[전환(화상)],월3,일송자유교양대학,BAEK THOMAS SEUNGWUN,대학영어3,기초,[전환(화상)]
17,[전환(화상)],화D 목D,일송자유교양대학,BAEK THOMAS SEUNGWUN,대학영어3,기초,[전환(화상)]
18,[전환(화상)],월5,일송자유교양대학,BAEK THOMAS SEUNGWUN,대학영어3,기초,[전환(화상)]
19,[전환(화상)],월3,일송자유교양대학,BAEK THOMAS SEUNGWUN,대학영어3,기초,[전환(화상)]
20,[전환(화상)],화D 목D,일송자유교양대학,BAEK THOMAS SEUNGWUN,대학영어3,기초,[전환(화상)]
21,[원어수업][전환(화상)],화E 목E,일송자유교양대학,하재선,대학영어3,기초,[전환(화상)]
22,[원어수업][전환(화상)],화F 목F,일송자유교양대학,하재선,대학영어3,기초,[전환(화상)]
23,[전환(화상)],화D 목D,일송자유교양대학,하재선,대학영어3,기초,[전환(화상)]
24,[전환(화상)],화D 목D,일송자유교양대학,RAY ALLEN BRUCE,대학영어3,기초,[전환(화상)]
25,[전환(화상)],화F 목F,일송자유교양대학,RAY ALLEN BRUCE,대학영어3,기초,[전환(화상)]
26,[전환(화상)],월1,일송자유교양대학,RAY ALLEN BRUCE,대학영어3,기초,[전환(화상)]
27,[전환(화상)],화B 목B,일송자유교양대학,RAY ALLEN BRUCE,대학영어3,기초,[전환(화상)]
28,[전환(화상)],수2 금1,일송자유교양대학,RAY ALLEN BRUCE,대학영어3,기초,[전환(화상)]
29,[원어수업][전환(화상)],화B 목B,일송자유교양대학,오선희,대학영어3,기초,[전환(화상)]
30,[원어수업][전환(화상)],화C 목C,일송자유교양대학,오선희,대학영어3,기초,[전환(화상)]
31,[원어수업][전환(화상)],화E 목E,일송자유교양대학,오선희,대학영어3,기초,[전환(화상)]
32,[원어수업][전환(화상)],월7,일송자유교양대학,김영화,대학영어3,기초,[전환(화상)]
33,[전환(화상)],화E 목E,일송자유교양대학,김영화,대학영어3,기초,[전환(화상)]
34,[원어수업][전환(화상)],월1,일송자유교양대학,권은경,대학영어3,기초,[전환(화상)]
35,[원어수업][전환(화상)],월3,일송자유교양대학,권은경,대학영어3,기초,[전환(화상)]
36,[전환(화상)],화B 목B,일송자유교양대학,권은경,대학영어3,기초,[전환(화상)]
37,[전환(화상)],수4 금3,일송자유교양대학,박미경,대학영어3,기초,[전환(화상)]
38,[전환(화상)],화C 목C,일송자유교양대학,박미경,대학영어3,기초,[전환(화상)]
39,[전환(화상)],월7,일송자유교양대학,이지연,대학영어3,기초,[전환(화상)]
40,[전환(화상)],월5,일송자유교양대학,이지연,대학영어3,기초,[전환(화상)]
41,[전환(화상)],수6 금5,일송자유교양대학,FREY BRITT FRANKLIN,대학영어3,기초,[전환(화상)]
42,[전환(화상)],화A 목A,일송자유교양대학,FREY BRITT FRANKLIN,대학영어3,기초,[전환(화상)]
43,[원어수업][전환(화상)],화C 목C,일송자유교양대학,이선아,대학영어3,기초,[전환(화상)]
44,[전환(화상)],월5,일송자유교양대학,이선아,대학영어3,기초,[전환(화상)]
45,[전환(화상)],월7,일송자유교양대학,이재선,대학영어3,기초,[전환(화상)]
46,[전환(화상)],화B 목B,일송자유교양대학,이재선,대학영어3,기초,[전환(화상)]
47,[전환(화상)],월5,일송자유교양대학,ROBINSON KEITH MICHAEL,대학영어3,기초,[전환(화상)]
48,[전환(화상)],수2 금1,일송자유교양대학,ROBINSON KEITH MICHAEL,대학영어3,기초,[전환(화상)]
49,[전환(화상)],수4 금3,일송자유교양대학,ROBINSON KEITH MICHAEL,대학영어3,기초,[전환(화상)]
50,[전환(화상)],화A 목A,일송자유교양대학,ROBINSON KEITH MICHAEL,대학영어3,기초,[전환(화상)]
51,[전환(화상)],월3,일송자유교양대학,ROBINSON KEITH MICHAEL,대학영어3,기초,[전환(화상)]
52,[원어수업][전환(화상)],화D 목D,일송자유교양대학,최은옥,대학영어3,기초,[전환(화상)]
53,[원어수업][전환(화상)],화E 목E,일송자유교양대학,최은옥,대학영어3,기초,[전환(화상)]
54,[전환(화상)],화B 목B,일송자유교양대학,최은옥,대학영어3,기초,[전환(화상)]
55,[원어수업][전환(화상)],화C 목C,일송자유교양대학,이선아,대학영어3,기초,[전환(화상)]
56,[전환(화상)],월5,일송자유교양대학,이선아,대학영어3,기초,[전환(화상)]
57,[전환(화상)],월7,일송자유교양대학,이지연,대학영어3,기초,[전환(화상)]
58,[전환(화상)],월5,일송자유교양대학,이지연,대학영어3,기초,[전환(화상)]
59,[전환(화상)],화D 목D,일송자유교양대학,RAY ALLEN BRUCE,대학영어3,기초,[전환(화상)]
60,[전환(화상)],화F 목F,일송자유교양대학,RAY ALLEN BRUCE,대학영어3,기초,[전환(화상)]
61,[전환(화상)],월1,일송자유교양대학,RAY ALLEN BRUCE,대학영어3,기초,[전환(화상)]
62,[전환(화상)],화B 목B,일송자유교양대학,RAY ALLEN BRUCE,대학영어3,기초,[전환(화상)]
63,[전환(화상)],수2 금1,일송자유교양대학,RAY ALLEN BRUCE,대학영어3,기초,[전환(화상)]
64,[원어수업][전환(화상)],월1,일송자유교양대학,권은경,대학영어3,기초,[전환(화상)]
65,[원어수업][전환(화상)],월3,일송자유교양대학,권은경,대학영어3,기초,[전환(화상)]
66,[전환(화상)],화B 목B,일송자유교양대학,권은경,대학영어3,기초,[전환(화상)]
67,[원어수업][전환(화상)],화E 목E,일송자유교양대학,하재선,대학영어3,기초,[전환(화상)]
68,[원어수업][전환(화상)],화F 목F,일송자유교양대학,하재선,대학영어3,기초,[전환(화상)]
69,[전환(화상)],화D 목D,일송자유교양대학,하재선,대학영어3,기초,[전환(화상)]
70,[전환(화상)],월1,일송자유교양대학,박미경,대학영어4,기초,[전환(화상)]
71,[전환(화상)],월3,일송자유교양대학,박미경,대학영어4,기초,[전환(화상)]
72,[전환(화상)],화A 목A,일송자유교양대학,박미경,대학영어4,기초,[전환(화상)]
73,[전환(화상)],화F 목F,일송자유교양대학,박미경,대학영어4,기초,[전환(화상)]
74,[전환(화상)],수2 금1,일송자유교양대학,FREY BRITT FRANKLIN,대학영어4,기초,[전환(화상)]
75,[전환(화상)],월5,일송자유교양대학,FREY BRITT FRANKLIN,대학영어4,기초,[전환(화상)]
76,[전환(화상)],화E 목E,일송자유교양대학,FREY BRITT FRANKLIN,대학영어4,기초,[전환(화상)]
77,[원어수업][전환(화상)],화C 목C,일송자유교양대학,FREY BRITT FRANKLIN,대학영어4,기초,[전환(화상)]
78,[전환(화상)],월7,일송자유교양대학,PETERSON JOSHUA,대학영어4,기초,[전환(화상)]
79,[원어수업][전환(화상)],월1,일송자유교양대학,PETERSON JOSHUA,대학영어4,기초,[전환(화상)]
80,[원어수업][전환(화상)],화C 목C,일송자유교양대학,PETERSON JOSHUA,대학영어4,기초,[전환(화상)]
81,[원어수업][전환(화상)],화D 목D,일송자유교양대학,PETERSON JOSHUA,대학영어4,기초,[전환(화상)]
82,[전환(화상)],수2 금1,일송자유교양대학,FREY BRITT FRANKLIN,대학영어4,기초,[전환(화상)]
83,[전환(화상)],월5,일송자유교양대학,FREY BRITT FRANKLIN,대학영어4,기초,[전환(화상)]
84,[전환(화상)],화E 목E,일송자유교양대학,FREY BRITT FRANKLIN,대학영어4,기초,[전환(화상)]
85,[원어수업][전환(화상)],화C 목C,일송자유교양대학,FREY BRITT FRANKLIN,대학영어4,기초,[전환(화상)]
86,[전환(화상)],월7,일송자유교양대학,PETERSON JOSHUA,대학영어4,기초,[전환(화상)]
87,[원어수업][전환(화상)],월1,일송자유교양대학,PETERSON JOSHUA,대학영어4,기초,[전환(화상)]
88,[원어수업][전환(화상)],화C 목C,일송자유교양대학,PETERSON JOSHUA,대학영어4,기초,[전환(화상)]
89,[원어수업][전환(화상)],화D 목D,일송자유교양대학,PETERSON JOSHUA,대학영어4,기초,[전환(화상)]
90,[전환(화상)],화D 목D,일송자유교양대학,이재선,대학영어4,기초,[전환(화상)]
91,[전환(화상)],화E 목E,일송자유교양대학,이재선,대학영어4,기초,[전환(화상)]
92,[전환(화상)],화F 목F,일송자유교양대학,이재선,대학영어4,기초,[전환(화상)]
93,[전환(화상)],화C 목C,일송자유교양대학,BAEK THOMAS SEUNGWUN,대학영어4,기초,[전환(화상)]
94,[전환(화상)],화B 목B,일송자유교양대학,ROBINSON KEITH MICHAEL,대학영어4,기초,[전환(화상)]
95,[전환(화상)],월5,일송자유교양대학,김영화,영어읽기연습,기초,[전환(화상)]
96,,월3,일송자유교양대학,PETERSON JOSHUA,실용영어회화,기초,[오프라인]
97,[전환(동영상)],수7,일송자유교양대학,김동일,컴퓨팅사고와문제해결,기초,[전환(동영상)]
98,[전환(동영상)],온라인1,일송자유교양대학,원대식,대학생을위한실용금융,일반교양,[전환(동영상)]
99,[전환(동영상)],화B 목B,일송자유교양대학,김양선,문학의이해,일반교양,[전환(동영상)]
100,[전환(화상)],월1,일송자유교양대학,전은정,일어1,기초,[전환(화상)]
101,[전환(화상)],월3,일송자유교양대학,전은정,일어1,기초,[전환(화상)]
102,[전환(동영상)],화C 목C,일송자유교양대학,HATTORI ATSUKO,일어1,기초,[전환(동영상)]
103,[전환(동영상)],화D 목D,일송자유교양대학,HATTORI ATSUKO,일어1,기초,[전환(동영상)]
104,[전환(화상)],월5,일송자유교양대학,김현주,일어1,기초,[전환(화상)]
105,[전환(화상)],월7,일송자유교양대학,김현주,일어1,기초,[전환(화상)]
106,[전환(화상)],화E 목E,일송자유교양대학,김현희,일어1,기초,[전환(화상)]
107,[전환(동영상)],화B 목B,일송자유교양대학,권동순,일어1,기초,[전환(동영상)]
108,[전환(동영상)],화D 목D,일송자유교양대학,권동순,일어2,기초,[전환(동영상)]
109,[전환(화상)],화B 목B,일송자유교양대학,오현열,현대일본의사회와문화,일반교양,[전환(화상)]
110,[전환(동영상)],월5,일송자유교양대학,윤숙,영상문학,일반교양,[전환(동영상)]
111,[전환(동영상)],월7,일송자유교양대학,윤숙,영상문학,일반교양,[전환(동영상)]
112,[전환(화상)],화B 목B,일송자유교양대학,임홍연,언어의이해,일반교양,[전환(화상)]
113,[전환(동영상)],수4 금3,일송자유교양대학,이내주,서양사속의고전과사상,일반교양,[전환(동영상)]
114,[동영상 콘텐츠],온라인1,일송자유교양대학,손병홍,논리와비판적사고,일반교양,[동영상 콘텐츠]
115,[동영상 콘텐츠]본수강신청때 오픈:학년별로 신청 가능,온라인1,일송자유교양대학,오진탁,죽음의철학적접근,일반교양,[동영상 콘텐츠]
116,[전환(동영상)],화E 목E,일송자유교양대학,성옥례,중국문학산책,일반교양,[전환(동영상)]
117,[전환(동영상)],화D 목D,일송자유교양대학,양태근,현대중국사회의이해,일반교양,[전환(동영상)]
118,[전환(동영상)],월7,일송자유교양대학,최태강,러시아의이해,일반교양,[전환(동영상)]
119,[전환(화상)],월7,일송자유교양대학,장춘익,철학의이해,일반교양,[전환(화상)]
120,[전환(화상)],화C 목C,일송자유교양대학,이용권,러시아와동북아관계의이해,일반교양,[전환(화상)]
121,[전환(동영상)],월1,일송자유교양대학,김기성,몽골문화의이해,일반교양,[전환(동영상)]
122,[전환(화상)],월7,일송자유교양대학,노은미,서양소설속의사랑과결혼,일반교양,[전환(화상)]
123,[전환(화상)],월3,일송자유교양대학,송승철,세계화와언어,일반교양,[전환(화상)]
124,[전환(동영상)],월3,일송자유교양대학,강지희,전통문화와한문학,일반교양,[전환(동영상)]
125,[전환(화상)],화C 목C,일송자유교양대학,김판수,현대사회의이해,일반교양,[전환(화상)]
126,[전환(화상)],화D 목D,일송자유교양대학,김여진,현대사회와사회복지,일반교양,[전환(화상)]
127,[전환(동영상)],월3,일송자유교양대학,최지혜,뉴미디어와미래사회,일반교양,[전환(동영상)]
128,[전환(동영상)],월5,일송자유교양대학,최성욱,인권과법,일반교양,[전환(동영상)]
129,[전환(동영상)],월1,일송자유교양대학,최성욱,인권과법,일반교양,[전환(동영상)]
130,[전환(동영상)],월5,일송자유교양대학,최성욱,인권과법,일반교양,[전환(동영상)]
131,[전환(동영상)],월1,일송자유교양대학,최성욱,인권과법,일반교양,[전환(동영상)]
132,[전환(동영상)],목7,일송자유교양대학,방기석,기업가정신과창업,일반교양,[전환(동영상)]
133,[전환(동영상)],화A 목A,일송자유교양대학,노혁진,교양고고학,일반교양,[전환(동영상)]
134,[전환(화상)],월5,일송자유교양대학,윤주한,미학의이해,일반교양,[전환(화상)]
135,[전환(화상)],화C 목C,일송자유교양대학,오현열,일본과동아시아,일반교양,[전환(화상)]
136,[전환(동영상)],월5,일송자유교양대학,강지희,한시의이해와감상,일반교양,[전환(동영상)]
137,[전환(화상)],화E 목E,일송자유교양대학,심보경,고전속인물탐구,일반교양,[전환(화상)]
138,[전환(동영상)],금1,일송자유교양대학,김태영,스페인어,기초,[전환(동영상)]
139,[전환(동영상)],금5,일송자유교양대학,김태영,스페인어,기초,[전환(동영상)]
140,[전환(화상)],화B 목B,일송자유교양대학,정지혜,중국어2,기초,[전환(화상)]
141,[전환(화상)]본과생 수강불가.,화A 목A,일송자유교양대학,정지혜,중국어1,기초,[전환(화상)]
142,[전환(동영상)]본과생 수강불가.,월5,일송자유교양대학,주준영,중국어1,기초,[전환(동영상)]
143,[전환(동영상)]본과생 수강불가.,월3,일송자유교양대학,손예나,중국어1,기초,[전환(동영상)]
144,[전환(동영상)]본과생 수강불가.,월7,일송자유교양대학,손예나,중국어1,기초,[전환(동영상)]
145,[전환(동영상)]본과생 수강불가,화B 목B,일송자유교양대학,노선아,중국어1,기초,[전환(동영상)]
146,[전환(동영상)]본과생 수강불가.,화C 목C,일송자유교양대학,이설연,중국어1,기초,[전환(동영상)]
147,[전환(동영상)]본과생 수강불가.,화D 목D,일송자유교양대학,이설연,중국어1,기초,[전환(동영상)]
148,[전환(동영상)]본과생 수강불가.,화D 목D,일송자유교양대학,김창호,중국어1,기초,[전환(동영상)]
149,[전환(동영상)]본과생 수강불가.,화E 목E,일송자유교양대학,김창호,중국어1,기초,[전환(동영상)]
150,[동영상 콘텐츠],온라인7,일송자유교양대학,이은우,불어,기초,[동영상 콘텐츠]
151,[전환(동영상)],금7,일송자유교양대학,이은우,불어,기초,[전환(동영상)]
152,[동영상 콘텐츠],온라인7,일송자유교양대학,이은우,불어,기초,[동영상 콘텐츠]
153,[전환(동영상)],금7,일송자유교양대학,이은우,불어,기초,[전환(동영상)]
154,[전환(동영상)],월1,일송자유교양대학,남일우,독어,기초,[전환(동영상)]
155,[전환(동영상)],월5,일송자유교양대학,남일우,독어,기초,[전환(동영상)]
156,[전환(동영상)],월5,일송자유교양대학,김기성,현대몽골어,기초,[전환(동영상)]
157,[전환(동영상)],수6 금5,일송자유교양대학,이내주,서양문화사,일반교양,[전환(동영상)]
158,[전환(동영상)],화E 목E,일송자유교양대학,이윤정,한국사의이해,일반교양,[전환(동영상)]
159,[전환(화상)],화F 목F,일송자유교양대학,최봉준,한국사의이해,일반교양,[전환(화상)]
160,[전환(동영상)],월7,일송자유교양대학,강지희,집중한문,일반교양,[전환(동영상)]
161,[블렌디드]지정학과 1학년 외,화A 목A,일송자유교양대학,박승용,창의코딩웹,기초,[블렌디드]
162,[동영상 콘텐츠]지정학과 1학년 외,온라인7,일송자유교양대학,신미영,창의코딩웹,기초,[동영상 콘텐츠]
163,[플립러닝]지정학과 1학년 외,화B 목B,일송자유교양대학,신미영,창의코딩웹,기초,[플립러닝]
164,[플립러닝]지정학과 1학년 외,화E 목E,일송자유교양대학,신미영,창의코딩웹,기초,[플립러닝]
165,[동영상 콘텐츠]지정학과 1학년 외,온라인7,일송자유교양대학,김유정,창의코딩웹,기초,[동영상 콘텐츠]
166,[동영상 콘텐츠]지정학과 1학년 외,온라인7,일송자유교양대학,김유정,창의코딩웹,기초,[동영상 콘텐츠]
167,[동영상 콘텐츠]지정학과 1학년 외,온라인7,일송자유교양대학,김유정,창의코딩웹,기초,[동영상 콘텐츠]
168,[플립러닝]지정학과 1학년 외,화A 목A,일송자유교양대학,김은주,창의코딩웹,기초,[플립러닝]
169,[플립러닝]지정학과 1학년 외,화B 목B,일송자유교양대학,김은주,창의코딩웹,기초,[플립러닝]
170,[플립러닝]지정학과 1학년 외,화E 목E,일송자유교양대학,김은주,창의코딩웹,기초,[플립러닝]
171,[동영상 콘텐츠]지정학과 1학년 외,온라인7,일송자유교양대학,이득주,창의코딩웹,기초,[동영상 콘텐츠]
172,[동영상 콘텐츠]지정학과 1학년 외,온라인7,일송자유교양대학,노재옥,창의코딩파이썬,기초,[동영상 콘텐츠]
173,[동영상 콘텐츠]지정학과 1학년 외,온라인7,일송자유교양대학,방기석,창의코딩파이썬,기초,[동영상 콘텐츠]
174,[동영상 콘텐츠]지정학과 1학년 외,온라인7,일송자유교양대학,방기석,창의코딩파이썬,기초,[동영상 콘텐츠]
175,[전환(동영상)],화E 목E,일송자유교양대학,김인규,경제학개론,일반교양,[전환(동영상)]
176,[전환(화상)],월5,일송자유교양대학,노석재,경제학개론,일반교양,[전환(화상)]
177,[전환(화상)],월1,일송자유교양대학,나정대,사회학개론,일반교양,[전환(화상)]
178,[전환(동영상)],화A,일송자유교양대학,최우령,사회속의법의이해,일반교양,[전환(동영상)]
179,[전환(동영상)],월7,일송자유교양대학,김상훈,사회속의법의이해,일반교양,[전환(동영상)]
180,[전환(화상)],화D 목D,일송자유교양대학,김남이,현대사회와여성,일반교양,[전환(화상)]
181,폐강 예정 과목,화B 목B,일송자유교양대학,김남이,현대사회와여성,일반교양,[오프라인]
182,[전환(화상)],화D 목D,일송자유교양대학,김남이,현대사회와여성,일반교양,[전환(화상)]
183,폐강 예정 과목,화B 목B,일송자유교양대학,김남이,현대사회와여성,일반교양,[오프라인]
184,[전환(동영상)],화5,일송자유교양대학,김지일,교육학의이해,일반교양,[전환(동영상)]
185,[전환(화상)],수2 금1,경영학과,황정태,벤처기업론(종합설계),전선,[전환(화상)]
186,[전환(화상)],화D 목D,경영학과,황정태,벤처기업론(종합설계),전선,[전환(화상)]
187,[전환(화상)],수2 금1,경영학과,황정태,벤처기업론(종합설계),전선,[전환(화상)]
188,[전환(화상)],화D 목D,경영학과,황정태,벤처기업론(종합설계),전선,[전환(화상)]
189,[전환(동영상)],금6,일송자유교양대학,이재웅,심리학의이해,일반교양,[전환(동영상)]
190,[전환(동영상)],화B 목B,일송자유교양대학,노상선,심리학의이해,일반교양,[전환(동영상)]
191,1학년 수강 불가,수2,일송자유교양대학,김유정,디지털리터러시1,기초,[오프라인]
192,1학년 수강 불가,화A 목A,일송자유교양대학,이덕영,디지털리터러시1,기초,[오프라인]
193,1학년 수강 불가,화A 목A,일송자유교양대학,정연진,디지털리터러시1,기초,[오프라인]
194,1학년 수강 불가,화B 목B,일송자유교양대학,정연진,디지털리터러시1,기초,[오프라인]
195,1학년 수강 불가,화D 목D,일송자유교양대학,박승용,디지털리터러시1,기초,[오프라인]
196,1학년 수강 불가,화D 목D,일송자유교양대학,김병관,디지털리터러시1,기초,[오프라인]
197,1학년 수강 불가,월6,일송자유교양대학,김유정,디지털리터러시2,기초,[오프라인]
198,1학년 수강 불가,화2,일송자유교양대학,김유정,디지털리터러시2,기초,[오프라인]
199,1학년 수강 불가,화B 목B,일송자유교양대학,이덕영,디지털리터러시2,기초,[오프라인]
200,[전환(동영상)]1학년 수강 불가,화A 목A,일송자유교양대학,이성룡,디지털리터러시2,기초,[전환(동영상)]
201,1학년 수강 불가,화B 목B,일송자유교양대학,이성룡,디지털리터러시2,기초,[오프라인]
202,[전환(동영상)]1학년 수강 불가,화E 목E,일송자유교양대학,이성룡,디지털리터러시2,기초,[전환(동영상)]
203,[전환(동영상)],월1,일송자유교양대학,장윤정,외국문화와국제매너,일반교양,[전환(동영상)]
204,[전환(동영상)],월3,일송자유교양대학,장윤정,외국문화와국제매너,일반교양,[전환(동영상)]
205,[동영상 콘텐츠]미디어스쿨및언론방송,월3,일송자유교양대학,강명현,현대방송의이해,일반교양,[동영상 콘텐츠]
206,[전환(동영상)]의대/간호대 제외한 1,월3,일송자유교양대학,이정근,진로설계,일반교양,[전환(동영상)]
207,[전환(동영상)]의대/간호대 제외 3,수5,일송자유교양대학,이정근,취업설계,일반교양,[전환(동영상)]
208,[전환(화상)],화B 목B,일송자유교양대학,최영재,행복학개론,일반교양,[전환(화상)]
209,[전환(화상)],화C 목C,일송자유교양대학,고태규,여행과문명,일반교양,[전환(화상)]
210,[전환(동영상)],월3,일송자유교양대학,이지혜,인생의사계절,일반교양,[전환(동영상)]
211,[전환(동영상)],수5,일송자유교양대학,김지일,융복합적문제해결의프랙시스,일반교양,[전환(동영상)]
212,[전환(화상)],화B 목B,일송자유교양대학,이충언,한국경제의현재와미래,일반교양,[전환(화상)]
213,[전환(동영상)]외국인 대상 과목,화B 목B,일송자유교양대학,이한범,고급한국어,기초,[전환(동영상)]
214,[전환(화상)]외국인 대상 과목,수6 금5,일송자유교양대학,김정숙,고급한국어,기초,[전환(화상)]
215,,화7,일송자유교양대학,정나래,스포츠-로하스활동,한림소양,[오프라인]
216,,월5,일송자유교양대학,RAY ALLEN BRUCE,Honors English 2,기초,[오프라인]
217,[블렌디드],화B 목B,일송자유교양대학,이지연,Essential Skills for University Life 2,기초,[블렌디드]
218,[블렌디드],화D 목D,일송자유교양대학,이지연,Issues in Modern Society,기초,[블렌디드]
219,[전환(동영상)],월5,일송자유교양대학,김인규,생활과영화속의경제학,일반교양,[전환(동영상)]
220,[전환(혼합)],수9,일송자유교양대학,NIMSE SATISH BALASAHEB,일반화학및실험2,기초,[전환(혼합)]
221,[전환(혼합)],수9,일송자유교양대학,NIMSE SATISH BALASAHEB,일반화학및실험2,기초,[전환(혼합)]
222,[전환(혼합)],수9,일송자유교양대학,NIMSE SATISH BALASAHEB,일반화학및실험2,기초,[전환(혼합)]
223,[전환(혼합)],화4,일송자유교양대학,이우람,일반화학및실험2,기초,[전환(혼합)]
224,[전환(혼합)],화6,일송자유교양대학,이우람,일반화학및실험2,기초,[전환(혼합)]
225,[전환(혼합)],수5,일송자유교양대학,이우람,일반화학및실험2,기초,[전환(혼합)]
226,[전환(혼합)],월7,일송자유교양대학,전성호,일반생물학및실험2,기초,[전환(혼합)]
227,[전환(혼합)],월7,일송자유교양대학,전성호,일반생물학및실험2,기초,[전환(혼합)]
228,[동영상 콘텐츠],수3,일송자유교양대학,박경란,지구촌환경재난,일반교양,[동영상 콘텐츠]
229,[동영상 콘텐츠],월1,일송자유교양대학,손정인,생활속의화학,일반교양,[동영상 콘텐츠]
230,[전환(동영상)],수4 금3,일송자유교양대학,이기원,생활속의통계학,일반교양,[전환(동영상)]
231,[전환(동영상)],수4 금3,일송자유교양대학,양정수,현대생활과운동,일반교양,[전환(동영상)]
232,[전환(동영상)],화D 목D,일송자유교양대학,김상옥,즐거운수학적사고,일반교양,[전환(동영상)]
233,,월1,생명과학과,ONG HOMERVERGEL,바이오잉글리쉬랩,전선,[오프라인]
234,,월5,생명과학과,ONG HOMERVERGEL,바이오잉글리쉬랩,전선,[오프라인]
235,[전환(혼합)],월10,바이오메디컬학과,박종국,기초생명과학및실험II,전선,[전환(혼합)]
236,[전환(혼합)],수10,바이오메디컬학과,박종국,기초생명과학및실험II,전선,[전환(혼합)]
237,[전환(동영상)],화F 목F,일송자유교양대학,한상진,인체생로병사,일반교양,[전환(동영상)]
238,[전환(동영상)],월3,일송자유교양대학,이재진,수학과사회,일반교양,[전환(동영상)]
239,[전환(동영상)],온라인0,일송자유교양대학,한규형,[첨단기초]생활속의바이오테크,일반교양,[전환(동영상)]
240,[전환(동영상)],온라인0,자유교양전공,한규형,[첨단기초]생활속의바이오테크,일반교양,[전환(동영상)]
241,[전환(동영상)],화B 목B,일송자유교양대학,남기학,일본문화사,일반교양,[전환(동영상)]
242,[전환(동영상)],화E 목E,일송자유교양대학,박병훈,음악의이해,일반교양,[전환(동영상)]
243,[전환(동영상)],화F 목F,일송자유교양대학,박병훈,음악의이해,일반교양,[전환(동영상)]
244,[전환(동영상)],금2,일송자유교양대학,김대원,연극의이해,일반교양,[전환(동영상)]
245,[전환(동영상)],금5,일송자유교양대학,김대원,연극의이해,일반교양,[전환(동영상)]
246,[전환(동영상)],월7,일송자유교양대학,황선훈,국제사회와법,일반교양,[전환(동영상)]
247,[전환(동영상)],화C 목C,일송자유교양대학,김지현,서양미술의이해,일반교양,[전환(동영상)]
248,[전환(동영상)],화D 목D,일송자유교양대학,김지현,서양미술의이해,일반교양,[전환(동영상)]
249,[전환(동영상)],월5,일송자유교양대학,노성호,한국문화의형성과 발전,일반교양,[전환(동영상)]
250,[실시간 화상강의],월6 수5,일송자유교양대학,김설,기초영문법,기초,[실시간 화상강의]
251,HID 입사생만 수강 가능함,화7,일송자유교양대학,PETERSON JOSHUA,생활영어4,일반교양,[오프라인]
252,HID 입사생만 수강 가능함,월7,일송자유교양대학,FREY BRITT FRANKLIN,생활영어4,일반교양,[오프라인]
253,HID 입사생만 수강 가능함,수6,일송자유교양대학,BAEK THOMAS SEUNGWUN,생활영어4,일반교양,[오프라인]
254,HID 입사생만 수강 가능,수7,일송자유교양대학,황경자,생활일본어 4,일반교양,[오프라인]
255,[전환(동영상)],화C 목C,일송자유교양대학,원석범,러시아어,기초,[전환(동영상)]
256,[전환(동영상)],화E 목E,일송자유교양대학,원석범,러시아어,기초,[전환(동영상)]
257,,월5,일송자유교양대학,이상덕,스포츠-터,한림소양,[오프라인]
258,[전환(화상)],월9,사회복지학부,고정애,오디세이세미나3,공통전필,[전환(화상)]
259,[전환(화상)],목10,사학전공,최재영,오디세이세미나3,전선,[전환(화상)]
260,[전환(동영상)],수9,법학과,홍일선,오디세이세미나3,전필,[전환(동영상)]
261,,,의학과,이진원,오디세이세미나3,전필,[오프라인]
262,[전환(혼합)],금10,소프트웨어융합대학,송성호,오디세이세미나3,공통전필,[전환(혼합)]
263,[전환(화상)]3학년 이상 참여 수업,화9,미디어스쿨,노기영,오디세이세미나3,공통전필,[전환(화상)]
264,,,의학과,이재갑,오디세이세미나3,전필,[오프라인]
265,,,의학과,김성은,오디세이세미나3,전필,[오프라인]
266,,,의학과,김지희,오디세이세미나3,전필,[오프라인]
267,[전환(동영상)],수8,사회학과,엄한진,오디세이세미나3,전필,[전환(동영상)]
268,[전환(화상)],금9,언어청각학부,배소영,오디세이세미나3,공통전필,[전환(화상)]
269,,,의학과,김종완,오디세이세미나3,전필,[오프라인]
270,[전환(동영상)],월8,체육학과,유신환,오디세이세미나3,전필,[전환(동영상)]
271,[전환(화상)],금9,생명과학과,전성호,오디세이세미나3,전필,[전환(화상)]
272,[전환(화상)],월9,국어국문학전공,신서인,오디세이세미나3,전선,[전환(화상)]
273,[전환(혼합)],월9,정치행정학과,김재한,오디세이세미나3,전필,[전환(혼합)]
274,[전환(화상)],수9,사회복지학부,최유석,오디세이세미나3,공통전필,[전환(화상)]
275,[전환(혼합)],금10,소프트웨어융합대학,김선정,오디세이세미나3,공통전필,[전환(혼합)]
276,[전환(화상)],수9,언어청각학부,장현숙,오디세이세미나3,공통전필,[전환(화상)]
277,[전환(화상)],금9,화학과,이우람,오디세이세미나3,전필,[전환(화상)]
278,[전환(동영상)]금융재무학과 3,수9,금융재무학과,김태규,오디세이세미나3,전필,[전환(동영상)]
279,[전환(동영상)],수9,바이오메디컬학과,한규형,오디세이세미나3,전필,[전환(동영상)]
280,[전환(화상)],화3,환경생명공학과,박진용,오디세이세미나3,전필,[전환(화상)]
281,,금10,식품영양학과,강일준,오디세이세미나3,전필,[오프라인]
282,[전환(화상)],수9,경제학과,한영욱,오디세이세미나3,전필,[전환(화상)]
283,,수9,의과학융합전공,이종석,오디세이세미나3,전필,[오프라인]
284,[전환(혼합)],월9,광고홍보학과,최정화,오디세이세미나3,전필,[전환(혼합)]
285,[실시간 화상강의],금9,인문학부,이찬,오디세이세미나3,공통전선,[실시간 화상강의]
286,[전환(화상)]일본학과 졸업필수 교과목,금9,일본학과,남기학,오디세이세미나3,전필,[전환(화상)]
287,[실시간 화상강의]경영학과 3,수9,경영학과,이견직,오디세이세미나3,전필,[실시간 화상강의]
288,,금10,소프트웨어융합대학,이선우,오디세이세미나3,공통전필,[오프라인]
289,체육학과 대상 분반,수9,일송자유교양대학,홍재승,오디세이세미나2(리더십과 기업가정신),한림소양,[오프라인]
290,[전환(화상)]생명과학과 대상 분반,수9,일송자유교양대학,전성호,오디세이세미나2(리더십과 기업가정신),한림소양,[전환(화상)]
291,[전환(혼합)]미디어스쿨 (2학년 학생 수강 우선 대상),수9,일송자유교양대학,정연구,오디세이세미나2(리더십과 기업가정신),한림소양,[전환(혼합)]
292,환경생명공학과 대상 분반,수9,일송자유교양대학,김승도,오디세이세미나2(리더십과 기업가정신),한림소양,[오프라인]
293,심리학과 대상 분반,수9,일송자유교양대학,강연욱,오디세이세미나2(리더십과 기업가정신),한림소양,[오프라인]
294,[전환(화상)]영어영문학과 대상 분반,수9,일송자유교양대학,김용수,오디세이세미나2(리더십과 기업가정신),한림소양,[전환(화상)]
295,[전환(화상)]화학과 대상 분반,수9,일송자유교양대학,이정태,오디세이세미나2(리더십과 기업가정신),한림소양,[전환(화상)]
296,[전환(화상)]글로벌비즈니스전공 및 정보법과학전공 2학년 대상,수9,일송자유교양대학,안정민,오디세이세미나2(리더십과 기업가정신),한림소양,[전환(화상)]
297,[전환(화상)]국어국문학전공 대상 분반,수9,일송자유교양대학,이병기,오디세이세미나2(리더십과 기업가정신),한림소양,[전환(화상)]
298,식품영양학과 대상 분반,수9,일송자유교양대학,심재훈,오디세이세미나2(리더십과 기업가정신),한림소양,[오프라인]
299,[전환(동영상)]법학과 대상 분반,수9,일송자유교양대학,김경태,오디세이세미나2(리더십과 기업가정신),한림소양,[전환(동영상)]
300,[전환(화상)]한중통번역전공 및 문화산업전공생 대상,화8,일송자유교양대학,김익태,오디세이세미나2(리더십과 기업가정신),한림소양,[전환(화상)]
301,바이오메디컬학과 대상 분반,수8,일송자유교양대학,박종국,오디세이세미나2(리더십과 기업가정신),한림소양,[오프라인]
302,[전환(화상)]일본학과 대상 분반,수9,일송자유교양대학,KOSHIRO AKIKO,오디세이세미나2(리더십과 기업가정신),한림소양,[전환(화상)]
303,정치행정학과 대상분반,수9,일송자유교양대학,김재한,오디세이세미나2(리더십과 기업가정신),한림소양,[오프라인]
304,[전환(화상)]청각학전공 대상 분반,수9,일송자유교양대학,임덕환,오디세이세미나2(리더십과 기업가정신),한림소양,[전환(화상)]
305,[전환(화상)]사회학과 대상 분반,수9,일송자유교양대학,박준식,오디세이세미나2(리더십과 기업가정신),한림소양,[전환(화상)]
306,[전환(동영상)]데이터과학융합스쿨 대상 분반,수9,일송자유교양대학,심송용,오디세이세미나2(리더십과 기업가정신),한림소양,[전환(동영상)]
307,사회복지학부 대상 분반,수9,일송자유교양대학,서인해,오디세이세미나2(리더십과 기업가정신),한림소양,[오프라인]
308,[전환(화상)]사학 전공 대상 분반,수9,일송자유교양대학,박은재,오디세이세미나2(리더십과 기업가정신),한림소양,[전환(화상)]
309,[전환(화상)]언어병리학전공 대상 분반,수9,일송자유교양대학,윤지혜,오디세이세미나2(리더십과 기업가정신),한림소양,[전환(화상)]
310,[전환(화상)]융합인재학부 대상,수9,일송자유교양대학,조창익,오디세이세미나2(리더십과 기업가정신),한림소양,[전환(화상)]
311,사회복지학부 대상분반,수9,일송자유교양대학,김여진,오디세이세미나2(리더십과 기업가정신),한림소양,[오프라인]
312,나노융합스쿨 대상 분반,수9,일송자유교양대학,남기봉,오디세이세미나2(리더십과 기업가정신),한림소양,[오프라인]
313,[전환(화상)]광고홍보학과 대상 분반,수9,일송자유교양대학,윤태일,오디세이세미나2(리더십과 기업가정신),한림소양,[전환(화상)]
314,미래융합스쿨 대상 분반,수9,일송자유교양대학,박민,오디세이세미나2(리더십과 기업가정신),한림소양,[오프라인]
315,철학 전공 대상 분반,수9,일송자유교양대학,주동률,오디세이세미나2(리더십과 기업가정신),한림소양,[오프라인]
316,[전환(화상)],수9,데이터과학융합스쿨,손대순,오디세이세미나4,전선,[전환(화상)]
317,[전환(화상)],화5,환경생명공학과,김정원,오디세이세미나4,전선,[전환(화상)]
318,[전환(화상)],월9,사회학과,신경아,오디세이세미나4,전선,[전환(화상)]
319,[전환(화상)],화9,국어국문학전공,박슬기,오디세이세미나4,전선,[전환(화상)]
320,,화7,일송자유교양대학,정한영,스포츠-축구,한림소양,[오프라인]
321,,수5,일송자유교양대학,정한영,스포츠-축구,한림소양,[오프라인]
322,,월7,일송자유교양대학,이상덕,스포츠-축구,한림소양,[오프라인]
323,,목7,일송자유교양대학,임종국,스포츠-농구,한림소양,[오프라인]
324,,,일송자유교양대학,임종국,스포츠-스키캠프,한림소양,[오프라인]
325,,,일송자유교양대학,이상덕,스포츠-스키캠프,한림소양,[오프라인]
326,,화5,일송자유교양대학,박혜민,스포츠-수영,한림소양,[오프라인]
327,,목5,일송자유교양대학,박혜민,스포츠-수영,한림소양,[오프라인]
328,,금7,일송자유교양대학,임종국,스포츠-테니스,한림소양,[오프라인]
329,,금3,일송자유교양대학,김성배,스포츠-테니스,한림소양,[오프라인]
330,,금5,일송자유교양대학,정한영,스포츠-테니스,한림소양,[오프라인]
331,,수3,일송자유교양대학,이상덕,스포츠-테니스,한림소양,[오프라인]
332,,금7,일송자유교양대학,이상덕,스포츠-배드민턴,한림소양,[오프라인]
333,,금3,일송자유교양대학,정한영,스포츠-배드민턴,한림소양,[오프라인]
334,,목3,일송자유교양대학,임종국,스포츠-배드민턴,한림소양,[오프라인]
335,,목5,일송자유교양대학,정나래,스포츠-배드민턴,한림소양,[오프라인]
336,,수7,일송자유교양대학,이상덕,스포츠-골프,한림소양,[오프라인]
337,,금1,일송자유교양대학,이충일,스포츠-골프,한림소양,[오프라인]
338,,화5,일송자유교양대학,김성배,스포츠-골프,한림소양,[오프라인]
339,,화7,일송자유교양대학,김성배,스포츠-골프,한림소양,[오프라인]
340,,목5,일송자유교양대학,김성배,스포츠-골프,한림소양,[오프라인]
341,,목7,일송자유교양대학,김성배,스포츠-골프,한림소양,[오프라인]
342,,화1,일송자유교양대학,이상덕,스포츠-스쿼시,한림소양,[오프라인]
343,,목1,일송자유교양대학,이상덕,스포츠-스쿼시,한림소양,[오프라인]
344,의예과 대상 과목,화5,일송자유교양대학,양은석,Team Sports II,한림소양,[오프라인]
345,의예과 대상 과목,목5,일송자유교양대학,양은석,Team Sports II,한림소양,[오프라인]
346,의예과 대상 과목,,일송자유교양대학,곽창수,Team Sports IV,한림소양,[오프라인]
347,의예과 대상 과목,,일송자유교양대학,홍재승,Team Sports IV,한림소양,[오프라인]
348,[전환(화상)]외국인 대상 과목,월3,일송자유교양대학,유승금,(외국인)읽기와쓰기2,기초,[전환(화상)]
349,[전환(동영상)]외국인 대상 과목,화B 목B,일송자유교양대학,안정화,(외국인)읽기와쓰기1,기초,[전환(동영상)]
350,[전환(화상)]외국인 대상 과목,수4 금3,일송자유교양대학,유승금,한국현대사회의이해,일반교양,[전환(화상)]
351,[전환(동영상)],수4 온라인8,일송자유교양대학,최태강,동북아의영토분쟁,일반교양,[전환(동영상)]
352,[전환(동영상)],월3,일송자유교양대학,이경구,테마로보는한국인물사,일반교양,[전환(동영상)]
353,외국인 대상 과목,화A 목A,일송자유교양대학,유승금,대학한국어1,기초,[오프라인]
354,[전환(화상)]외국인 대상 과목,월1,일송자유교양대학,안정호,대학한국어2,기초,[전환(화상)]
355,[전환(화상)]외국인 대상 과목,월5,일송자유교양대학,유승금,한국대학생활의이해,일반교양,[전환(화상)]
356,[전환(동영상)]외국인 대상 과목,월5,일송자유교양대학,문경태,대학한국어3,기초,[전환(동영상)]
357,[전환(화상)]외국인 대상 과목,수2 금1,일송자유교양대학,김정숙,(외국인)발표와토론2,기초,[전환(화상)]
358,[전환(동영상)]외국인 대상 과목,화C 목C,일송자유교양대학,안정화,(외국인)발표와토론1,기초,[전환(동영상)]
359,[실시간 화상강의],수7,일송자유교양대학,유팔무,한국사회와21세기,일반교양,[실시간 화상강의]
360,[전환(동영상)],화D 목D,일송자유교양대학,이상덕,스포츠와인성함양,일반교양,[전환(동영상)]
361,[전환(동영상)],화B 목B,일송자유교양대학,정영희,대중문화론,일반교양,[전환(동영상)]
362,[전환(화상)],화B 목B,일송자유교양대학,조상미,사진예술,일반교양,[전환(화상)]
363,[전환(동영상)],화E 목E,일송자유교양대학,이상덕,웰빙스포츠론,일반교양,[전환(동영상)]
364,[전환(동영상)],수2,일송자유교양대학,손유경,생활한문,기초,[전환(동영상)]
365,[전환(동영상)],수5,일송자유교양대학,손유경,생활한문,기초,[전환(동영상)]
366,[동영상 콘텐츠],온라인7,일송자유교양대학,이행훈,생활한문,기초,[동영상 콘텐츠]
367,,화3,일송자유교양대학,박혜민,다이어트휘트니스,한림소양,[오프라인]
368,[전환(동영상)],금3,일송자유교양대학,이상덕,스포츠속의과학지식,일반교양,[전환(동영상)]
369,[전환(동영상)],금7,바이오메디컬학과,김대원,생체유기화학,전선,[전환(동영상)]
370,[전환(혼합)],월1,일송자유교양대학,이종완,물리학및실험2,기초,[전환(혼합)]
371,[전환(혼합)],수1,일송자유교양대학,이종완,물리학및실험2,기초,[전환(혼합)]
372,[전환(혼합)],수7,일송자유교양대학,이종완,물리학및실험2,기초,[전환(혼합)]
373,외국인 대상 과목,월3,일송자유교양대학,이재선,기초한국어,일반교양,[오프라인]
374,[전환(동영상)]외국인 대상 과목,화D 목D,일송자유교양대학,이연화,한국의문화유산,일반교양,[전환(동영상)]
375,[전환(동영상)]외국인 대상 과목,수6 금5,일송자유교양대학,전상호,한국지역학입문,일반교양,[전환(동영상)]
376,[전환(동영상)],화C 목C,일송자유교양대학,정영희,매스미디어와현대사회,일반교양,[전환(동영상)]
377,[동영상 콘텐츠],온라인3,일송자유교양대학,김경희,매스미디어와현대사회,일반교양,[동영상 콘텐츠]
378,[전환(동영상)],화C 목C,일송자유교양대학,문경태,대학한국어4,기초,[전환(동영상)]
379,[실시간 화상강의]외국인대상,수2 금1,일송자유교양대학,전상호,대학한국어4,기초,[실시간 화상강의]
380,이공자연계 직무준비 중인 4학년,월7,일송자유교양대학,이정근,취업성공전략,일반교양,[오프라인]
381,인문사회계열 직무 준비중인 4학년 대상,월7,일송자유교양대학,이정근,취업성공전략,일반교양,[오프라인]
382,[전환(동영상)],월1,일송자유교양대학,장한진,디지털게임과커뮤니케이션,일반교양,[전환(동영상)]
383,[전환(동영상)],월7,일송자유교양대학,김선홍,콘텐츠의이해와창업,일반교양,[전환(동영상)]
384,[전환(동영상)],온라인7,일송자유교양대학,박두재,내인생과기업가정신,일반교양,[전환(동영상)]
385,[전환(동영상)],월8,교직과목,김지일,교육방법및교육공학,교직,[전환(동영상)]
386,[전환(동영상)],목7,교직과목,황성희,교육행정및교육경영,교직,[전환(동영상)]
387,[전환(화상)],월7 수6,영어영문학과,육청민,교과교재연구및영어지도법,전선,[전환(화상)]
388,실습을 끝낸 간호학과 교직 학생만 수강 가능,목10,교직과목,김지일,교육실습,교직,[오프라인]
389,,수1,소프트웨어융합대학,미정,정보,공통전선,[오프라인]
390,,수7,철학전공,이찬,철학교육론,전선,[오프라인]
391,[프로젝트중심],화E 목E,평생교육사과목,간진숙,이러닝교육론,일반선택,[프로젝트중심]
392,[전환(화상)],금5,일본학과,남기학,일본어교육론,전선,[전환(화상)]
393,[프로젝트중심],화B 목B,평생교육사과목,이지혜,평생교육론,일반선택,[프로젝트중심]
394,교육봉사 60시간 필요(실습과목),목11,교직과목,김지일,교육봉사활동,교직,[오프라인]
395,,월3,철학전공,손병홍,철학논술교육,전선,[오프라인]
396,,월3,일본학과,최수나,일본어논술교육,전선,[오프라인]
397,[전환(동영상)],화C 목C,중국학과,조정래,중국어논술교육,전선,[전환(동영상)]
398,[전환(화상)],목8,교직과목,신소영,교육심리,교직,[전환(화상)]
399,[전환(동영상)],월5,교직과목,황성희,교육과정,교직,[전환(동영상)]
400,[전환(동영상)],수3,교직과목,황성희,교육사회,교직,[전환(동영상)]
401,[전환(화상)],금1,교직과목,방기석,학교폭력의예방및대책,교직,[전환(화상)]
402,,화1,ROTC과목,훈육관,안전및조직관리사례연구,일반선택,[오프라인]
403,,목1,ROTC과목,훈육관,조직리더십사례연구,일반선택,[오프라인]
404,[전환(화상)],화B 목B,국어국문학전공,이승은,국문학개론,전선,[전환(화상)]
405,[전환(화상)],화B 목B,국어국문학전공,조은별,국문학개론,전선,[전환(화상)]
406,[전환(화상)],화E 목E,국어국문학전공,이병기,국어학강독,전선,[전환(화상)]
407,[전환(화상)],월5,국어국문학전공,박슬기,현대시강독,전선,[전환(화상)]
408,[전환(화상)],화D 목D,국어국문학전공,박슬기,현대시론,전선,[전환(화상)]
409,,월7,국어국문학전공,이병기,국어형태론,전선,[오프라인]
410,[전환(화상)],월3,국어국문학전공,신서인,국어통사론,전선,[전환(화상)]
411,[전환(화상)],화E 목E,국어국문학전공,박슬기,현대작가론,전선,[전환(화상)]
412,,화B 목B,국어국문학전공,신서인,국어정보학,전선,[오프라인]
413,[전환(화상)],화C 목C,국어국문학전공,김명준,근세시가론,전선,[전환(화상)]
414,[전환(화상)]1학년 수강권장|학년별 신청제한:  / / / /잔여,화A 목A,영어영문학과,신미영,음성학과발음연습,전선,[전환(화상)]
415,[전환(화상)]1학년 수강권장|학년별 신청제한:  / / / /잔여,월2,영어영문학과,신미영,음성학과발음연습,전선,[전환(화상)]
416,[전환(화상)]29 ｜ 5/12/12/0,화B 목B,영어영문학과,한경민,영미문학개관,전필,[전환(화상)]
417,[전환(화상)],화F 목F,영어영문학과,송종민,영미대중소설,전선,[전환(화상)]
418,[전환(화상)],월3,영어영문학과,김번,영미문학특강,전선,[전환(화상)]
419,[전환(화상)],화E 목E,영어영문학과,조비결,영미소설,전선,[전환(화상)]
420,[전환(화상)],월7,영어영문학과,김번,셰익스피어와르네상스문학,전선,[전환(화상)]
421,[전환(화상)]29 ｜ 5/10/10/4,화E 목E,영어영문학과,한경민,영미문학과영상,전선,[전환(화상)]
422,[전환(화상)]30 ｜2/3/13/12,화C 목C,영어영문학과,김애주,기본영작문,전선,[전환(화상)]
423,[전환(화상)],화B 목B,영어영문학과,안정현,기본영작문,전선,[전환(화상)]
424,[전환(화상)],월5,영어영문학과,육청민,아동문학과영어교육,전선,[전환(화상)]
425,[전환(화상)]1학년 수강권장|학년별 신청제한:  / / / /잔여,화F 목F,영어영문학과,조비결,영어프레젠테이션,전선,[전환(화상)]
426,[전환(화상)],화D 목D,영어영문학과,김용수,디지털시대의영어영문학,전선,[전환(화상)]
427,[전환(화상)],화C 목C,영어영문학과,황정아,팝문화와고전문화,전선,[전환(화상)]
428,[전환(화상)]복수전공생만 수강가능,월1 수1,중국학과,염철,중국어및실습II,전선,[전환(화상)]
429,[전환(동영상)]본과생만 수강가능.(월34수78금3),월3,중국학과,고민희,중국어및실습II,전선,[전환(동영상)]
430,[전환(동영상)]본과생만 수강가능.(월78수34금4),월7,중국학과,고민희,중국어및실습II,전선,[전환(동영상)]
431,[전환(화상)],월7,중국학과,염철,중국어초급회화I,전선,[전환(화상)]
432,[전환(화상)],수7,중국학과,염철,중국어초급회화I,전선,[전환(화상)]
433,[전환(동영상)],화E 목E,중국학과,양태근,중국근현대사,전선,[전환(동영상)]
434,[전환(화상)],월5,중국학과,염철,중국어중급회화I,전선,[전환(화상)]
435,[전환(동영상)],월5,중국학과,이지현,중국어문법및작문II,전선,[전환(동영상)]
436,[전환(동영상)],화B 목B,중국학과,이민숙,중국고전의이해,전선,[전환(동영상)]
437,[전환(동영상)],월7,중국학과,조정래,중국옛문인들의삶과예술,전선,[전환(동영상)]
438,[전환(동영상)],화C 목C,중국학과,성시일,중국경제론,전선,[전환(동영상)]
439,[전환(동영상)],화D 목D,중국학과,성옥례,중국문학사,전선,[전환(동영상)]
440,[전환(동영상)],화B 목B,중국학과,양태근,한중사회문화비교론,전선,[전환(동영상)]
441,[전환(동영상)],월3,중국학과,주준영,현대중국대중매체론,전선,[전환(동영상)]
442,[전환(동영상)],화A 목A,중국학과,노선아,중국어시사토론,전선,[전환(동영상)]
443,[전환(동영상)],화B 목B,중국학과,이지현,중국어청취,전선,[전환(동영상)]
444,[전환(동영상)],화D 목D,중국학과,이지현,중국어청취,전선,[전환(동영상)]
445,[전환(동영상)]기존 중국역사문화연구 수강생은 수강불가,화D 목D,중국학과,이민숙,사자성어로배우는중국의역사문화,전선,[전환(동영상)]
446,[전환(화상)]중국인학생 수강가능,화A 목A,중국학과,임홍연,현대중국어학개론,전선,[전환(화상)]
447,[전환(동영상)]1학년 대상 과목(일본학과 20학번 신입생 대상 과목),화C 목C,일본학과,이광제,기초일본어II,전선,[전환(동영상)]
448,[전환(동영상)]1학년 대상 과목(20학번 일본학과 신입생 대상 과목),화D 목D,일본학과,이광제,기초일본어II,전선,[전환(동영상)]
449,[전환(화상)]복수전공,화D 목D,일본학과,황경자,기초일본어II,전선,[전환(화상)]
450,[전환(화상)]일본학과 1학년 과목,월7,일본학과,KOSHIRO AKIKO,초급일본어회화II,전선,[전환(화상)]
451,[전환(화상)]부전공,월3,일본학과,KOSHIRO AKIKO,초급일본어회화II,전선,[전환(화상)]
452,[전환(화상)]일본학과 1학년 과목,월1,일본학과,황경자,초급일본어회화II,전선,[전환(화상)]
453,[전환(화상)]부전공,수7,일본학과,이예안,일본학입문ll,전선,[전환(화상)]
454,[전환(화상)]1학년 과목,수3,일본학과,이지원,일본학입문ll,전선,[전환(화상)]
455,[전환(화상)],수3,일본학과,KOSHIRO AKIKO,일본어작문,전선,[전환(화상)]
456,[전환(화상)],월5,일본학과,황경자,중급일본어회화II,전선,[전환(화상)]
457,[전환(화상)],월5,일본학과,KOSHIRO AKIKO,중급일본어회화II,전선,[전환(화상)]
458,[전환(화상)],화D 목D,일본학과,남기학,한일교류의역사와쟁점,전선,[전환(화상)]
459,[전환(화상)],화B 목B,일본학과,황경자,일본어학의이해,전선,[전환(화상)]
460,[전환(화상)],월7,일본학과,남기학,일본역사독해II,전선,[전환(화상)]
461,[전환(화상)],화C 목C,일본학과,김현희,일본문예론,전선,[전환(화상)]
462,,월1,일본학과,최수나,일본통번역심화과정II,전선,[오프라인]
463,[전환(화상)],화F 목F,일본학과,이지원,영상매체로본현대일본,전선,[전환(화상)]
464,[전환(동영상)],월1,러시아학과,유승남,초급러시아어II,전필,[전환(동영상)]
465,[전환(동영상)],월5,러시아학과,유승남,초급러시아어II,전필,[전환(동영상)]
466,,월5,러시아학과,이리나,초급러시아어회화II,전선,[오프라인]
467,,월1,러시아학과,이리나,초급러시아어회화II,전선,[오프라인]
468,[전환(화상)],화D 목D,러시아학과,박혜경,러시아문화,전선,[전환(화상)]
469,,화3,러시아학과,이리나,중급러시아어회화II,전선,[오프라인]
470,[전환(동영상)],화A 목A,러시아학과,유승남,중급러시아어II,전선,[전환(동영상)]
471,,화F 목F,러시아학과,홍택규,러시아어문법연습II,전선,[오프라인]
472,,화D 목D,러시아학과,이리나,러시아어작문II,전선,[오프라인]
473,,화3,러시아학과,홍택규,러시아어실습II,전선,[오프라인]
474,,월7,러시아학과,박혜경,러시아어청해,전선,[오프라인]
475,[전환(화상)],화E 목E,러시아학과,이용권,현대러시아문화론,전선,[전환(화상)]
476,[전환(화상)],화F 목F,철학전공,이찬,동아시아철학의이해,전선,[전환(화상)]
477,[전환(화상)],월5,철학전공,장춘익,사회.정치철학,전선,[전환(화상)]
478,,월9 금2,철학전공,주동률,사회윤리학,전선,[오프라인]
479,[실시간 화상강의],금5,철학전공,장춘익,역사철학,전선,[실시간 화상강의]
480,,화C 목C,철학전공,심준보,불교철학,전선,[오프라인]
481,,화B 목B,철학전공,심준보,동양철학의고전,전선,[오프라인]
482,,,철학전공,오진탁,한국사상현장답사II,전선,[오프라인]
483,[전환(화상)],월7,철학전공,윤주한,예술철학,전선,[전환(화상)]
484,[전환(동영상)],화C 목C,사학전공,유종수,아시아고대사,전선,[전환(동영상)]
485,,월7,사학전공,심재연,한국역사고고학,전선,[오프라인]
486,[전환(화상)],금1,사학전공,주형준,아시아근대사,전선,[전환(화상)]
487,[전환(화상)],화E 목E,사학전공,최봉준,고려시대의정치와사회,전선,[전환(화상)]
488,,월10,사학전공,염정섭,전공세미나및현장실습II,전선,[오프라인]
489,,화B 목B,사학전공,김기순,역사의방법,전선,[오프라인]
490,[전환(동영상)],화C 목C,사학전공,염정섭,한국사회경제사,전선,[전환(동영상)]
491,,화F 목F,사학전공,김기순,서양사자료탐구,전선,[오프라인]
492,,화D 목D,사학전공,최재영,동양사자료탐구,전선,[오프라인]
493,[전환(화상)],화D 목D,사학전공,박은재,서양사입문,전선,[전환(화상)]
494,[전환(화상)],월3,사학전공,박은재,근대서양의역사와문화,전선,[전환(화상)]
495,[전환(동영상)],월3,사학전공,노혁진,한국고고학특강,전선,[전환(동영상)]
496,,화B 목B,사학전공,이윤정,한국고중세사특강,전선,[오프라인]
497,[전환(동영상)]인문학부 신입생 전공탐색 과목,월7,사학전공,염정섭,한국사입문,전선,[전환(동영상)]
498,[전환(동영상)]인문학부 신입생 전공탐색 과목,월1,사학전공,염정섭,한국사입문,전선,[전환(동영상)]
499,[전환(화상)],금3,사학전공,주형준,세계사의격변기와인류,전선,[전환(화상)]
500,[전환(화상)],월5,사학전공,김아람,한국기록문화의역사와실습,전선,[전환(화상)]
501,[전환(화상)],화D 목D,정치행정학과,이동영,재무행정론,전선,[전환(화상)]
502,[전환(화상)],월7,정치행정학과,정용남,행정학,전선,[전환(화상)]
503,,월3,정치행정학과,양기웅,경제외교와개발협력,전선,[오프라인]
504,[전환(동영상)],월5,정치행정학과,이삼성,동아시아국제질서론,전선,[전환(동영상)]
505,,월1,정치행정학과,양기웅,일본의정치외교와한일관계,전선,[오프라인]
506,[블렌디드],화7,사회학과,김영범,사회연구를위한기초통계학,전필,[블렌디드]
507,[전환(동영상)],화B 목B,사회학과,엄한진,사회학이론,전선,[전환(동영상)]
508,[전환(화상)],수4 금3,사회학과,신경아,가족사회학,전선,[전환(화상)]
509,[전환(동영상)],월1,사회학과,전성원,청소년육성제도론,전선,[전환(동영상)]
510,[전환(화상)],화F 목F,사회학과,박준식,산업과과학기술의사회학,전선,[전환(화상)]
511,[전환(동영상)],화C 목C,사회학과,엄한진,다문화사회론,전선,[전환(동영상)]
512,[전환(동영상)],월5,사회학과,유팔무,사회계층론,전선,[전환(동영상)]
513,[전환(화상)],화D 목D,사회학과,김판수,사회학글쓰기와소통,전선,[전환(화상)]
514,[전환(화상)],월7,사회학과,나정대,현대사회연구,전선,[전환(화상)]
515,[전환(화상)],월3,사회복지학부,미정,인간행동과사회환경,공통전선,[전환(화상)]
516,[전환(동영상)],화B 목B,사회복지학부,윤현숙,인간행동과사회환경,공통전선,[전환(동영상)]
517,[전환(화상)],수2 금1,사회복지학부,김여진,사회복지현장실습,공통전선,[전환(화상)]
518,[전환(화상)],월7,사회복지학부,윤현숙,사회복지현장실습,공통전선,[전환(화상)]
519,[전환(화상)],월5,사회복지학,고정애,아동복지론,전선,[전환(화상)]
520,[전환(화상)],월7,사회복지학,최균,사회문제론,전선,[전환(화상)]
521,[전환(화상)],화A 목A,사회복지학,김여진,사회복지윤리와철학,전선,[전환(화상)]
522,[전환(화상)],화D 목D,사회복지학부,서인해,사회복지실천기술론,공통전선,[전환(화상)]
523,[전환(화상)],수2,사회복지학부,서인해,사회복지실천기술론,공통전선,[전환(화상)]
524,[전환(화상)],화D 목D,사회복지학,고정애,정신건강사회복지론,전선,[전환(화상)]
525,[전환(화상)],화E 목E,사회복지학부,석재은,사회복지법제와실천,공통전선,[전환(화상)]
526,[전환(화상)],화F 목F,사회복지학부,석재은,사회복지법제와실천,공통전선,[전환(화상)]
527,[전환(화상)],수4 금3,사회복지학부,조준용,사회복지세미나,공통전선,[전환(화상)]
528,[전환(화상)],월3,사회복지학,최유석,사회복지자료분석론,전선,[전환(화상)]
529,[전환(화상)],화E 목E,사회복지학부,최균,사회복지조사론,공통전선,[전환(화상)]
530,[전환(화상)],화A 목A,사회복지학부,미정,사회복지조사론,공통전선,[전환(화상)]
531,[전환(화상)],월1,사회복지학,미정,장애인복지론,전선,[전환(화상)]
532,[전환(화상)],화F 목F,사회복지학,고윤순,학교사회복지론,전선,[전환(화상)]
533,[전환(화상)],수6 금5,사회복지학부,미정,노인복지론,공통전선,[전환(화상)]
534,[전환(화상)],화B 목B,사회복지학,최유석,한국사회복지론,전선,[전환(화상)]
535,[전환(화상)],월1,노인복지학,석재은,노인소득보장론,전선,[전환(화상)]
536,,수8,사회복지학,이강,사회서비스캡스톤디자인,전선,[오프라인]
537,[전환(화상)],월3,경제학과,한영욱,경제학원론(거시),전선,[전환(화상)]
538,[전환(동영상)],월5,경제학과,유한욱,경제학원론(미시),전선,[전환(동영상)]
539,[전환(화상)],화B 목B,경제학과,한영욱,경제통계학,전선,[전환(화상)]
540,[전환(화상)],화C 목C,경제학과,이충언,국제무역론,전선,[전환(화상)]
541,,화E 목E,경제학과,오상봉,한국경제론,전선,[오프라인]
542,[전환(화상)],화D 목D,경제학과,노석재,경제성장론(종합설계),전선,[전환(화상)]
543,[전환(동영상)],화B 목B,경제학과,김인규,법경제학,전선,[전환(동영상)]
544,[전환(동영상)],월7,경제학과,김승래,환경경제학(종합설계),전선,[전환(동영상)]
545,[전환(동영상)],화C 목C,경제학과,유한욱,미시경제학I,전필,[전환(동영상)]
546,[전환(동영상)],화E 목E,경제학과,김승래,미시경제학II,전선,[전환(동영상)]
547,[전환(화상)],화A 목A,경제학과,노석재,거시경제학I,전필,[전환(화상)]
548,[전환(화상)],화F 목F,경제학과,한영욱,거시경제학II,전선,[전환(화상)]
549,[전환(동영상)],월3,경제학과,조동훈,인사관리경제학,전선,[전환(동영상)]
550,,월7,경제학과,유한욱,Thinking Economically,전선,[오프라인]
551,[전환(동영상)],화D 목D,경제학과,김승래,조세론,전선,[전환(동영상)]
552,,화E 목E,경제학과,조동훈,캡스톤 디자인,전선,[오프라인]
553,[전환(동영상)],수4 금3,일송자유교양대학,박명걸,경영학원론,일반교양,[전환(동영상)]
554,[전환(화상)],화A 목A,경영학과,정득,경영자료분석(종합설계),전선,[전환(화상)]
555,[전환(화상)],화D 목D,경영학과,정득,경영자료분석(종합설계),전선,[전환(화상)]
556,[전환(동영상)],화C 목C,경영학과,김일,회계원리,전필,[전환(동영상)]
557,[전환(동영상)],월9,경영학과,김일,회계원리,전필,[전환(동영상)]
558,[전환(동영상)],화A 목A,경영학과,변용환,회계원리,전필,[전환(동영상)]
559,,화A 목A,경영학과,문성훈,회계원리,전필,[오프라인]
560,,화B 목B,경영학과,문성훈,회계원리,전필,[오프라인]
561,[전환(동영상)],월7,경영학과,백광기,조직행동론,전필,[전환(동영상)]
562,[전환(동영상)],월10,경영학과,백광기,조직행동론,전필,[전환(동영상)]
563,[전환(동영상)],수8,경영학과,최병돈,서비스경영,전선,[전환(동영상)]
564,[전환(화상)],화E 목E,경영학과,최광석,세무원리,전선,[전환(화상)]
565,[전환(혼합)],월7,금융재무학과,조규성,경영분석(종합설계),전선,[전환(혼합)]
566,[전환(화상)],월5,경영학과,이견직,생산운영관리(종합설계),전필,[전환(화상)]
567,[전환(동영상)],화A 목A,경영학과,박명걸,마케팅원론,전필,[전환(동영상)]
568,[동영상 콘텐츠],수2 금1,경영학과,전호성,마케팅원론,전필,[동영상 콘텐츠]
569,[전환(화상)],화B 목B,경영학과,한재훈,국제경영론,전선,[전환(화상)]
570,[전환(화상)],화B 목B,경영학과,변희섭,재무관리,전필,[전환(화상)]
571,[전환(동영상)],화E 목E,경영학과,김태규,재무관리,전필,[전환(동영상)]
572,[전환(동영상)],화F 목F,경영학과,김일,원가관리회계,전선,[전환(동영상)]
573,[동영상 콘텐츠],온라인1,경영학과,민성환,경영정보시스템(종합설계),전필,[동영상 콘텐츠]
574,[전환(동영상)],수2 금1,경영학과,박명걸,협상론,전선,[전환(동영상)]
575,,금5,경영학과,김현식,시장조사론(종합설계),전선,[오프라인]
576,[전환(화상)],화B 목B,경영학과,전호성,소비자행동론(종합설계),전선,[전환(화상)]
577,[전환(동영상)],화D 목D,경영학과,민성환,인터넷비즈니스(종합설계),전선,[전환(동영상)]
578,[전환(동영상)],화E 목E,경영학과,민성환,인터넷비즈니스(종합설계),전선,[전환(동영상)]
579,[전환(화상)],화A 목A,경영학과,한재훈,경영전략(종합설계),전필,[전환(화상)]
580,[동영상 콘텐츠],온라인1,경영학과,김은정,경영전략(종합설계),전필,[동영상 콘텐츠]
581,[전환(화상)],화F 목F,경영학과,최광석,기업과세금,전선,[전환(화상)]
582,[동영상 콘텐츠],월5,금융재무학과,박윤정,재무학원론,전필,[동영상 콘텐츠]
583,[전환(동영상)],수4 금3,금융재무학과,김지현,재무관리론,전필,[전환(동영상)]
584,[전환(화상)],월3,금융재무학과,변희섭,금융기관론,전선,[전환(화상)]
585,[전환(동영상)],화A 목A,금융재무학과,조규성,채권분석,전선,[전환(동영상)]
586,[전환(동영상)],화E 목E,금융재무학과,김지현,노후설계론,전선,[전환(동영상)]
587,[전환(동영상)],화E 목E,금융재무학과,이덕수,은퇴설계론,전선,[전환(동영상)]
588,[전환(혼합)],금6,금융재무학과,안동규,English for Finance II,전선,[전환(혼합)]
589,[전환(동영상)],화F 목F,금융재무학과,김지현,파생상품론,전선,[전환(동영상)]
590,[전환(동영상)],화A 목A,금융재무학과,이덕수,금융정책론,전선,[전환(동영상)]
591,[전환(동영상)],월7,금융재무학과,김태규,기업재무론,전필,[전환(동영상)]
592,[전환(동영상)],화D 목D,금융재무학과,박윤정,계량재무분석,전선,[전환(동영상)]
593,[전환(동영상)],화B 목B,금융재무학과,조규성,금융투자전략,전선,[전환(동영상)]
594,[전환(동영상)],월3,금융재무학과,조규성,부동산설계론,전선,[전환(동영상)]
595,[전환(동영상)],월1,금융재무학과,조규성,투자설계론,전필,[전환(동영상)]
596,[전환(화상)],화E 목E,법학과,홍일선,헌법I,전필,[전환(화상)]
597,[전환(동영상)],화B 목B,법학과,허명국,민법총칙,전필,[전환(동영상)]
598,[전환(동영상)],월7,법학과,신동현,민법총칙,전필,[전환(동영상)]
599,[전환(동영상)],화A 목A,법학과,이건호,형법총론I,전선,[전환(동영상)]
600,[전환(동영상)],화D 목D,법학과,이건호,형법각론,전선,[전환(동영상)]
601,[전환(화상)],금1,법학과,곽수현,상법총론,전선,[전환(화상)]
602,[전환(동영상)],화C 목C,법학과,윤효영,상법총론,전선,[전환(동영상)]
603,[전환(동영상)],화B,법학과,최우령,상법총론,전선,[전환(동영상)]
604,[전환(동영상)],화E 목E,법학과,김상훈,영미법,전선,[전환(동영상)]
605,[전환(동영상)],화F 목F,법학과,신동현,가족법,전선,[전환(동영상)]
606,[전환(화상)],금3,법학과,곽수현,어음수표법,전선,[전환(화상)]
607,[전환(화상)],화C 목C,법학과,홍일선,헌법소송법,전선,[전환(화상)]
608,[전환(동영상)],화B 목B,법학과,김상훈,민사소송법 I,전선,[전환(동영상)]
609,[전환(동영상)],월7,법학과,이건호,형사소송법II,전선,[전환(동영상)]
610,[전환(동영상)],월7,법학과,윤효영,환경법,전선,[전환(동영상)]
611,[전환(동영상)],화D 목D,법학과,김경태,노동법사례연습,전선,[전환(동영상)]
612,[전환(동영상)],월3,법학과,황선훈,행정법개론,전선,[전환(동영상)]
613,[전환(동영상)],월5,법학과,김경태,노동법 II,전선,[전환(동영상)]
614,[전환(동영상)],월7,법학과,허명국,담보법,전선,[전환(동영상)]
615,[전환(화상)],월5,정치행정학과,이동영,행정자료분석론,전선,[전환(화상)]
616,[전환(화상)],화F 목F,정치행정학과,정용남,정부와공기업,전선,[전환(화상)]
617,[전환(동영상)],화B 목B,정치행정학과,김재한,연대의이해,전선,[전환(동영상)]
618,[전환(화상)],화E 목E,정치행정학과,정용남,과학기술혁신정책론,전선,[전환(화상)]
619,,수6,정치행정학과,박병직,문화관광정책개발-캡스톤디자인,전선,[오프라인]
620,[전환(동영상)],월7,정치행정학과,이삼성,현대중국정치의정신사,전선,[전환(동영상)]
621,[전환(동영상)],화B 목B,정치행정학과,이삼성,민주와평화의정치사상사,전선,[전환(동영상)]
622,[전환(화상)],화D,정치행정학과,김재한,통일·북한의문화적이해,전선,[전환(화상)]
623,[동영상 콘텐츠],온라인1,심리학과,정혜선,학습심리학,전선,[동영상 콘텐츠]
624,[동영상 콘텐츠],온라인A,심리학과,이수진,동기와행동,전선,[동영상 콘텐츠]
625,[전환(화상)],화E 목E,심리학과,강연욱,임상심리학,전선,[전환(화상)]
626,[전환(화상)],수3,심리학과,남기덕,설득과태도변화,전선,[전환(화상)]
627,,금6,심리학과,강연욱,졸업논문연구,전선,[오프라인]
628,[전환(화상)],화B 목B,심리학과,임선영,행복과성장의심리학,전선,[전환(화상)]
629,[전환(동영상)],화A 목A,심리학과,노상선,건강심리학,전선,[전환(동영상)]
630,[전환(혼합)],월5,심리학과,조용래,상담이론및실습(캡스톤디자인),전선,[전환(혼합)]
631,[전환(화상)],화D 목D,심리학과,이주일,산업및인사심리학,전선,[전환(화상)]
632,[전환(동영상)],금1,심리학과,이재웅,청소년문제와보호,전선,[전환(동영상)]
633,[전환(동영상)],화B 목B,심리학과,서동기,심리통계,전필,[전환(동영상)]
634,[전환(화상)],월1,심리학과,오충광,집단상담과실습,전선,[전환(화상)]
635,[전환(혼합)],화D 목D,심리학과,정혜선,세상을디자인하는심리학(캡스톤디자인),전선,[전환(혼합)]
636,[전환(화상)],화A 목A,심리학과,이수진,심리학실험및실습,전선,[전환(화상)]
637,[전환(화상)],월7,심리학과,임선영,발달심리,전선,[전환(화상)]
638,[전환(화상)],수6 금5,미디어스쿨,정완규,디지털게임과현대사회,전선,[전환(화상)]
639,[전환(화상)],수6 금5,디지털미디어콘텐츠전공,정완규,디지털게임과현대사회,전선,[전환(화상)]
640,[전환(화상)]1학년 수강 불가 수업,수8 금7,미디어스쿨,정완규,조사방법론-캡스톤디자인,공통전필,[전환(화상)]
641,[전환(화상)]1학년 수강 불가 수업,월7,미디어스쿨,강명현,조사방법론-캡스톤디자인,공통전필,[전환(화상)]
642,[전환(혼합)]1학년 수강 불가 수업,월5,미디어스쿨,안지수,조사방법론-캡스톤디자인,공통전필,[전환(혼합)]
643,[전환(화상)],화E 목E,미디어스쿨,권재웅,International Communication,공통전선,[전환(화상)]
644,,화E 목E,미디어스쿨,주영기,International Communication,공통전선,[오프라인]
645,[전환(화상)],월1,광고홍보학과,홍석민,광고홍보조사방법론,전필,[전환(화상)]
646,[전환(화상)],월5,미디어스쿨,이황석,영상제작입문,공통전선,[전환(화상)]
647,[동영상 콘텐츠],온라인7,미디어스쿨,심훈,저널리즘의역사와현황,전선,[동영상 콘텐츠]
648,[동영상 콘텐츠],온라인7,언론방송융합미디어전공,심훈,저널리즘의역사와현황,전선,[동영상 콘텐츠]
649,[전환(화상)],화A 목A,미디어스쿨,정연구,독서와토론3:고전,공통전선,[전환(화상)]
650,,수7,미디어스쿨,주영기,헬스저널리즘연습,전선,[오프라인]
651,,수7,언론방송융합미디어전공,주영기,헬스저널리즘연습,전선,[오프라인]
652,[전환(동영상)],화A 목A,언론방송융합미디어전공,이푸름,뉴스작성기초1,전선,[전환(동영상)]
653,[전환(동영상)],화A 목A,미디어스쿨,이푸름,뉴스작성기초1,전선,[전환(동영상)]
654,,월3,언론방송융합미디어전공,성기준,뉴스작성기초1,전선,[오프라인]
655,,월3,미디어스쿨,심훈,뉴스작성기초1,전선,[오프라인]
656,,월3,미디어스쿨,성기준,뉴스작성기초1,전선,[오프라인]
657,,월3,언론방송융합미디어전공,심훈,뉴스작성기초1,전선,[오프라인]
658,,월7,언론방송융합미디어전공,성기준,뉴스작성기초2,전선,[오프라인]
659,,월7,미디어스쿨,성기준,뉴스작성기초2,전선,[오프라인]
660,[전환(혼합)]3학년 이상 수업,금1,미디어스쿨,염성덕,탐사보도-캡스톤디자인,전선,[전환(혼합)]
661,[전환(혼합)]3학년 이상 수업,금1,언론방송융합미디어전공,염성덕,탐사보도-캡스톤디자인,전선,[전환(혼합)]
662,[전환(혼합)],화5,언론방송융합미디어전공,윤혁,방송영상콘텐츠제작2-캡스톤디자인,전선,[전환(혼합)]
663,[전환(혼합)],화5,미디어스쿨,윤혁,방송영상콘텐츠제작2-캡스톤디자인,전선,[전환(혼합)]
664,[전환(화상)],월3,언론방송융합미디어전공,송현주,설득과공공캠페인,전선,[전환(화상)]
665,[전환(화상)],월3,미디어스쿨,송현주,설득과공공캠페인,전선,[전환(화상)]
666,[동영상 콘텐츠],화B 목B,광고홍보학과,박동진,홍보개론,전선,[동영상 콘텐츠]
667,[전환(화상)],화A 목A,광고홍보학과,홍석민,매체계획론,전선,[전환(화상)]
668,[전환(혼합)],금5,광고홍보학과,윤해웅,광고카피작성II,전선,[전환(혼합)]
669,[전환(화상)]실시간,월5,광고홍보학과,윤태일,국제마케팅커뮤니케이션특강,전선,[전환(화상)]
670,,월1,광고홍보학과,김찬,캡스톤디자인-영상광고제작실습,전선,[오프라인]
671,[전환(화상)]실시간화상과 동영상 이용,목4,광고홍보학과,임윤상,크리에이티브원론,전선,[전환(화상)]
672,[전환(화상)],수3,광고홍보학과,조상미,광고홍보영상기초,전선,[전환(화상)]
673,[전환(화상)],월7,경영학과,최영기,고용관계론,전선,[전환(화상)]
674,3학년 2학기 이상 수강대상,수4 금3,미디어스쿨,권재웅,The H 프로젝트,공통전선,[오프라인]
675,[전환(화상)]3학년 2학기 이상 학생 수강대상,월9,미디어스쿨,정연구,The H 프로젝트,공통전선,[전환(화상)]
676,[전환(동영상)],화B 목B,미디어스쿨,구윤희,건강과뉴미디어,전선,[전환(동영상)]
677,[전환(동영상)],화B 목B,디지털미디어콘텐츠전공,구윤희,건강과뉴미디어,전선,[전환(동영상)]
678,[전환(화상)],월7,디지털미디어콘텐츠전공,김신동,Asian Cinema,전선,[전환(화상)]
679,[전환(화상)],월7,미디어스쿨,김신동,Asian Cinema,전선,[전환(화상)]
680,[전환(혼합)],화8,미디어스쿨,전창대,영상편집1:프리미어,전선,[전환(혼합)]
681,[전환(혼합)],월1,언론방송융합미디어전공,이황석,영상편집1:프리미어,전선,[전환(혼합)]
682,[전환(혼합)],월1,미디어스쿨,이황석,영상편집1:프리미어,전선,[전환(혼합)]
683,[전환(혼합)],화5,미디어스쿨,이황석,영상편집1:프리미어,전선,[전환(혼합)]
684,[동영상 콘텐츠],화B 목B,미디어스쿨,류재형,영상특수효과론,전선,[동영상 콘텐츠]
685,[동영상 콘텐츠],화B 목B,디지털미디어콘텐츠전공,류재형,영상특수효과론,전선,[동영상 콘텐츠]
686,[전환(화상)],수4 금3,미디어스쿨,정완규,디지털미디어법제,전선,[전환(화상)]
687,[전환(화상)],수4 금3,언론방송융합미디어전공,정완규,디지털미디어법제,전선,[전환(화상)]
688,[전환(화상)]2~4학년 대상,화1,디지털미디어콘텐츠전공,김윤정,3D게임디자인,전선,[전환(화상)]
689,[전환(화상)]2~4학년 대상,화1,미디어스쿨,김윤정,3D게임디자인,전선,[전환(화상)]
690,[전환(혼합)],월5,미디어스쿨,이승환,인터넷서비스디자인,전선,[전환(혼합)]
691,[전환(혼합)],월5,디지털미디어콘텐츠전공,이승환,인터넷서비스디자인,전선,[전환(혼합)]
692,[동영상 콘텐츠],화4,디지털미디어콘텐츠전공,고규홍,스토리텔링과디지털콘텐츠,전선,[동영상 콘텐츠]
693,[동영상 콘텐츠],화7,디지털미디어콘텐츠전공,고규홍,스토리텔링과디지털콘텐츠,전선,[동영상 콘텐츠]
694,[동영상 콘텐츠],화4,미디어스쿨,고규홍,스토리텔링과디지털콘텐츠,전선,[동영상 콘텐츠]
695,[동영상 콘텐츠],화7,미디어스쿨,고규홍,스토리텔링과디지털콘텐츠,전선,[동영상 콘텐츠]
696,[전환(화상)]DigitalGraphicDesign수강자는듣지말것,수1,미디어스쿨,김윤정,Fundamental Graphic Design,전선,[전환(화상)]
697,[전환(화상)]DigitalGraphicDesign수강자는듣지말것,수1,디지털미디어콘텐츠전공,김윤정,Fundamental Graphic Design,전선,[전환(화상)]
698,[전환(혼합)],수3,미디어스쿨,이승환,디지털북-캡스톤디자인,전선,[전환(혼합)]
699,[전환(혼합)],수3,디지털미디어콘텐츠전공,이승환,디지털북-캡스톤디자인,전선,[전환(혼합)]
700,,수7,미디어스쿨,권재웅,콘텐츠기획-캡스톤디자인,전선,[오프라인]
701,,수7,디지털미디어콘텐츠전공,권재웅,콘텐츠기획-캡스톤디자인,전선,[오프라인]
702,[전환(혼합)],월5,미디어스쿨,류재형,영상시나리오작법,전선,[전환(혼합)]
703,[전환(혼합)],월5,디지털미디어콘텐츠전공,류재형,영상시나리오작법,전선,[전환(혼합)]
704,[전환(혼합)],수7,미디어스쿨,이황석,디지털영상실습,전선,[전환(혼합)]
705,[전환(혼합)],수7,디지털미디어콘텐츠전공,이황석,디지털영상실습,전선,[전환(혼합)]
706,[전환(동영상)],화C 목C,미디어스쿨,이푸름,커뮤니케이션개론,공통전필,[전환(동영상)]
707,[전환(동영상)],화F 목F,미디어스쿨,이푸름,커뮤니케이션개론,공통전필,[전환(동영상)]
708,,월6,광고홍보학과,김찬,캡스톤디자인-모바일콘텐츠와 바이럴광고 제작실습,전선,[오프라인]
709,[전환(화상)]복수전공생들만 신청 하세요,화E 목E,광고홍보학과,홍석민,광고홍보의이해,전필,[전환(화상)]
710,[전환(화상)],월10,경영학과,한재훈,창의성과혁신,전선,[전환(화상)]
711,[전환(화상)],수4,경영학과,김익환,캡스톤디자인,전선,[전환(화상)]
712,[전환(동영상)],화B 목B,식품영양학과,심재훈,공중보건학,전선,[전환(동영상)]
713,[전환(화상)],화A 목A,미디어스쿨,이황석,영상미학과비평,전선,[전환(화상)]
714,[전환(화상)],화A 목A,언론방송융합미디어전공,이황석,영상미학과비평,전선,[전환(화상)]
715,[전환(화상)],화A 목A,미디어스쿨,송현주,미디어스토리텔링기초,공통전선,[전환(화상)]
716,[전환(화상)],월6 수5,미디어스쿨,송현주,미디어스토리텔링기초,공통전선,[전환(화상)]
717,[실시간 화상강의],월7,미디어스쿨,김현영,미디어스피치와발표,전선,[실시간 화상강의]
718,[실시간 화상강의],월7,언론방송융합미디어전공,김현영,미디어스피치와발표,전선,[실시간 화상강의]
719,[전환(화상)],화A 목A,미디어스쿨,최영재,대통령과언론:이슈관리,전선,[전환(화상)]
720,[전환(화상)],화A 목A,언론방송융합미디어전공,최영재,대통령과언론:이슈관리,전선,[전환(화상)]
721,[전환(혼합)],월7,미디어스쿨,이황석,영상편집2:애프터이펙트,전선,[전환(혼합)]
722,[전환(혼합)],월7,언론방송융합미디어전공,이황석,영상편집2:애프터이펙트,전선,[전환(혼합)]
723,,월5,언론방송융합미디어전공,심훈,인터뷰실습,전선,[오프라인]
724,,월5,미디어스쿨,심훈,인터뷰실습,전선,[오프라인]
725,,월1,언론방송융합미디어전공,송현주,논픽션스토리텔링,전선,[오프라인]
726,,월1,미디어스쿨,송현주,논픽션스토리텔링,전선,[오프라인]
727,[전환(화상)],화4,미디어스쿨,신동욱,한류문화산업의이해,공통전선,[전환(화상)]
728,[전환(혼합)],월5,언론방송융합미디어전공,정연구,인쇄매체기초: 인디자인,전선,[전환(혼합)]
729,[전환(혼합)],월5,미디어스쿨,정연구,인쇄매체기초: 인디자인,전선,[전환(혼합)]
730,[전환(화상)],월5,미디어스쿨,김신동,독서와토론2:대중문화,공통전선,[전환(화상)]
731,[전환(동영상)],월9,나노융합스쿨,한동욱,나노과학개론,공통전선,[전환(동영상)]
732,[전환(동영상)],화D 목D,나노융합스쿨,한동욱,공학수학1,공통전선,[전환(동영상)]
733,[전환(동영상)],월3,나노융합스쿨,장문규,나노공정,공통전선,[전환(동영상)]
734,,금5,나노융합스쿨,한동욱,반도체디스플레이실험1,공통전필,[오프라인]
735,,금5,나노융합스쿨,박두재,반도체디스플레이실험1,공통전필,[오프라인]
736,,금5,나노융합스쿨,장문규,반도체디스플레이실험1,공통전필,[오프라인]
737,[전환(혼합)],월3,나노융합스쿨,박두재,기기제어기초및실습,공통전선,[전환(혼합)]
738,[전환(동영상)],목9,나노융합스쿨,고재현,콜로키움1,공통전선,[전환(동영상)]
739,[전환(동영상)],화E 목E,나노융합스쿨,남기봉,CAD,공통전선,[전환(동영상)]
740,[전환(동영상)],화B 목B,나노융합스쿨,박두재,논리회로,공통전선,[전환(동영상)]
741,[전환(혼합)],월6,나노융합스쿨,남기봉,기하광학및실험,전선,[전환(혼합)]
742,[전환(혼합)],월6,디스플레이전공,남기봉,기하광학및실험,전선,[전환(혼합)]
743,[전환(동영상)],화A 목A,디스플레이전공,고재현,디스플레이공학2,전선,[전환(동영상)]
744,[전환(동영상)],화A 목A,나노융합스쿨,고재현,디스플레이공학2,전선,[전환(동영상)]
745,[전환(동영상)],화B 목B,디스플레이전공,고재현,광분석기기,전선,[전환(동영상)]
746,[전환(동영상)],화B 목B,나노융합스쿨,고재현,광분석기기,전선,[전환(동영상)]
747,,금1,디스플레이전공,남기봉,광학설계,전선,[오프라인]
748,,금1,나노융합스쿨,남기봉,광학설계,전선,[오프라인]
749,[전환(동영상)],화D 목D,나노융합스쿨,장문규,반도체공학2,전선,[전환(동영상)]
750,[전환(동영상)],화D 목D,반도체전공,장문규,반도체공학2,전선,[전환(동영상)]
751,[전환(동영상)],월5,일송자유교양대학,노재옥,일반수학및실습2,기초,[전환(동영상)]
752,,수4 금3,금융정보통계학과,김동일,고급수학II,전선,[오프라인]
753,[전환(동영상)],화F 목F,금융정보통계학과,노재옥,미분기하학II,전선,[전환(동영상)]
754,[전환(동영상)],월7,금융정보통계학과,김상옥,복소수함수론II,전선,[전환(동영상)]
755,[전환(동영상)],화E 목E,금융정보통계학과,노재옥,위상수학II,전선,[전환(동영상)]
756,[전환(동영상)],화D 목D,나노융합스쿨,원혜경,전자기학II,공통전선,[전환(동영상)]
757,[전환(동영상)],월7,나노융합스쿨,원혜경,고체물리학,공통전선,[전환(동영상)]
758,,금1,화학과,이정태,유기화학실험,전선,[오프라인]
759,[전환(화상)],월10,화학과,이정태,유기화학II,전선,[전환(화상)]
760,,금5,화학과,손정인,물리화학실험,전선,[오프라인]
761,[전환(화상)],월7,화학과,이우람,무기화학II,전선,[전환(화상)]
762,,화A 목A,화학과,이정태,유기반응의이해,전선,[오프라인]
763,[전환(동영상)],화D 목D,화학과,손정인,고분자화학,전선,[전환(동영상)]
764,,화F 목F,화학과,NIMSE SATISH BALASAHEB,화학원서강독,전선,[오프라인]
765,[전환(동영상)],월5,화학과,전종갑,유기합성,전선,[전환(동영상)]
766,[전환(동영상)],화E 목E,화학과,NIMSE SATISH BALASAHEB,천연물화학,전선,[전환(동영상)]
767,[전환(동영상)],화E 목E,화학과,김상철,분석화학II,전선,[전환(동영상)]
768,[전환(혼합)],화A 수3,화학과,김상철,기초화학및실험II,전선,[전환(혼합)]
769,[전환(혼합)],화A 수5,화학과,김상철,기초화학및실험II,전선,[전환(혼합)]
770,[전환(혼합)],화A 수7,화학과,김상철,기초화학및실험II,전선,[전환(혼합)]
771,,수7,산학협력단,김준국,창업과세금,일반선택,[오프라인]
772,[전환(동영상)],화7,산학협력단,이종석,지식재산 정보검색,일반선택,[전환(동영상)]
773,[전환(동영상)],수7,일송자유교양대학,김선홍,창업특허 및 디자인 전략,일반교양,[전환(동영상)]
774,,목7,산학협력단,박지현,벤처기업창업론,일반선택,[오프라인]
775,[전환(화상)],화D 목D,바이오메디컬학과,조윤신,질환유전체학개론,전선,[전환(화상)]
776,,,산학협력단,미정,창업현장실습Ⅰ,일반선택,[오프라인]
777,,,산학협력단,미정,창업현장실습Ⅱ,일반선택,[오프라인]
778,,,산학협력단,미정,창업현장실습Ⅲ,일반선택,[오프라인]
779,,,산학협력단,미정,창업현장실습Ⅳ,일반선택,[오프라인]
780,,,산학협력단,미정,창업현장실습Ⅴ,일반선택,[오프라인]
781,[전환(동영상)],월5,생명과학과,정동훈,식물생리학및실험,전선,[전환(동영상)]
782,[전환(혼합)],수7,생명과학과,김경원,동물생리학및실험,전선,[전환(혼합)]
783,[전환(동영상)],화D 목D,생명과학과,정동훈,기초분자생물학,전선,[전환(동영상)]
784,[전환(화상)],화B 목B,생명과학과,김영동,생명과학II,전선,[전환(화상)]
785,,수7,생명과학과,임원균,헬스케어제품의생리효능평가,전선,[오프라인]
786,[전환(동영상)],화B 목B,생명과학과,김봉수,Human Microbiome,전선,[전환(동영상)]
787,[전환(화상)],화10,생명과학과,전성호,생물교육론,전선,[전환(화상)]
788,[전환(혼합)],월5,데이터과학융합스쿨,김윤태,통계적방법론:추정과검정,공통전선,[전환(혼합)]
789,[전환(동영상)],화2,데이터과학융합스쿨,이기원,데이터분석사례연구,전선,[전환(동영상)]
790,[전환(동영상)],월1,데이터과학융합스쿨,이기원,응용프로그래밍:R,공통전선,[전환(동영상)]
791,[전환(동영상)],월1,데이터과학융합스쿨,이기원,응용프로그래밍:R,공통전선,[전환(동영상)]
792,[플립러닝],화5,소프트웨어융합대학,이정근,컴퓨터구조,공통전선,[플립러닝]
793,[플립러닝],수7,소프트웨어융합대학,이정근,컴퓨터구조,공통전선,[플립러닝]
794,,월5,소프트웨어융합대학,김백섭,머신러닝,공통전선,[오프라인]
795,,화7,전자공학과,방성근,전자기학,전선,[오프라인]
796,[전환(동영상)],월3,소프트웨어융합대학,김태운,시스템프로그래밍,공통전선,[전환(동영상)]
797,[전환(동영상)],화A 목A,화학과,NIMSE SATISH BALASAHEB,중급유기화학,전선,[전환(동영상)]
798,[전환(동영상)],수7,소프트웨어융합대학,김은주,웹프로그래밍,공통전선,[전환(동영상)]
799,[전환(동영상)],수3,소프트웨어융합대학,김은주,웹프로그래밍,공통전선,[전환(동영상)]
800,[플립러닝],월3,소프트웨어융합대학,신미영,C++프로그래밍,공통전선,[플립러닝]
801,[전환(동영상)],월7,소프트웨어융합대학,김은주,C++프로그래밍,공통전선,[전환(동영상)]
802,[전환(동영상)],수3,소프트웨어융합대학,이재영,모바일프로그래밍,공통전선,[전환(동영상)]
803,[블렌디드],화7,소프트웨어융합대학,주한규,자바프로그래밍Ⅰ,공통전선,[블렌디드]
804,[전환(동영상)],월5,소프트웨어융합대학,김은주,자바프로그래밍Ⅰ,공통전선,[전환(동영상)]
805,[전환(동영상)],화3,소프트웨어융합대학,김동회,자바프로그래밍Ⅱ,공통전선,[전환(동영상)]
806,[전환(동영상)],월3,소프트웨어융합대학,김동회,자바프로그래밍Ⅱ,공통전선,[전환(동영상)]
807,[블렌디드],월5,소프트웨어융합대학,신미영,자바프로그래밍Ⅱ,공통전선,[블렌디드]
808,[블렌디드],수3,소프트웨어융합대학,신미영,자바프로그래밍Ⅱ,공통전선,[블렌디드]
809,[플립러닝],월5,소프트웨어융합대학,양은샘,자바프로그래밍Ⅱ,공통전선,[플립러닝]
810,[블렌디드],월5,소프트웨어융합대학,주한규,자바프로그래밍Ⅱ,공통전선,[블렌디드]
811,[전환(혼합)],화5,소프트웨어융합대학,김의직,임베디드시스템,공통전선,[전환(혼합)]
812,[전환(동영상)],화A 목A,바이오메디컬학과,한규형,유전자론,전선,[전환(동영상)]
813,[전환(동영상)],월5,바이오메디컬학과,박종국,RNA생물학,전선,[전환(동영상)]
814,[전환(혼합)],화10,바이오메디컬학과,박진서,바이러스학실험,전선,[전환(혼합)]
815,[전환(혼합)],목10,바이오메디컬학과,박진서,바이러스학실험,전선,[전환(혼합)]
816,[전환(혼합)],화10,바이오메디컬학과,최수영,고등생화학실험,전선,[전환(혼합)]
817,[전환(혼합)],목10,바이오메디컬학과,최수영,고등생화학실험,전선,[전환(혼합)]
818,[전환(동영상)],월5,바이오메디컬학과,한규형,유전질환과유전자치료,전선,[전환(동영상)]
819,[전환(동영상)],화E 목E,바이오메디컬학과,최수영,인체질환생화학,전선,[전환(동영상)]
820,[전환(동영상)],월7,바이오메디컬학과,박진서,바이러스학,전선,[전환(동영상)]
821,[전환(동영상)],화B 목B,바이오메디컬학과,최수영,생체대사생화학,전선,[전환(동영상)]
822,,월3,바이오메디컬학과,조윤신,생물정보학개론,전선,[오프라인]
823,[전환(혼합)],수10,바이오메디컬학과,조윤신,분자생물학실험,전선,[전환(혼합)]
824,[전환(혼합)],금10,바이오메디컬학과,조윤신,캡스톤디자인-의생명과학연구II,전선,[전환(혼합)]
825,[전환(동영상)],월1,식품영양학과,심재훈,식품학개론,전선,[전환(동영상)]
826,[전환(동영상)],수8 금7,식품영양학과,임순성,식품위생관계법규,전선,[전환(동영상)]
827,[전환(화상)],월5,식품영양학과,박소현,식이요법,전선,[전환(화상)]
828,[전환(동영상)],화E 목E,식품영양학과,임순성,식품화학II,전선,[전환(동영상)]
829,[전환(화상)],화D 목D,식품영양학과,박소현,고급영양학,전선,[전환(화상)]
830,[전환(동영상)],월2,식품영양학과,강일준,식품위생학,전선,[전환(동영상)]
831,,,식품영양학과,심재훈,영양사현장실습,전선,[오프라인]
832,[전환(동영상)],월7,식품영양학과,강영희,영양판정및실험,전선,[전환(동영상)]
833,[전환(동영상)],월7,식품영양학과,강영희,영양판정및실험,전선,[전환(동영상)]
834,[전환(화상)],화C 목C,식품영양학과,박경호,급식경영학,전선,[전환(화상)]
835,[전환(혼합)],월5,식품영양학과,임순성,식품영양기초화학및실험,전선,[전환(혼합)]
836,,,식품영양학과,심재훈,캡스톤디자인-식품영양연구및실험I,전선,[오프라인]
837,[전환(혼합)],화1,체육학과,허문영,육상II,전선,[전환(혼합)]
838,[전환(혼합)],화3,체육학과,허문영,육상II,전선,[전환(혼합)]
839,[전환(혼합)],금1,체육학과,허문영,육상II,전선,[전환(혼합)]
840,[전환(동영상)],수5,체육학과,곽창수,원서강독,전선,[전환(동영상)]
841,[전환(동영상)],수6 금5,체육학과,양정수,스포츠영양학,전선,[전환(동영상)]
842,,월3,체육학과,유신환,축구II,전선,[오프라인]
843,,수7,체육학과,유신환,축구II,전선,[오프라인]
844,[전환(동영상)],목5,체육학과,정동식,트레이닝론,전선,[전환(동영상)]
845,[전환(동영상)],금3,체육학과,이충일,한국체육사,전선,[전환(동영상)]
846,[전환(혼합)],목5,체육학과,이연주,수영II,전선,[전환(혼합)]
847,[전환(혼합)],목7,체육학과,이연주,수영II,전선,[전환(혼합)]
848,,월5,체육학과,최안나,체조(맨몸),전선,[오프라인]
849,,월7,체육학과,최안나,체조(맨몸),전선,[오프라인]
850,,수1,체육학과,박정석,농구(고급),전선,[오프라인]
851,,수3,체육학과,박정석,농구(고급),전선,[오프라인]
852,[전환(동영상)],월7,체육학과,양은석,스포츠심리학,전선,[전환(동영상)]
853,[전환(혼합)],화A 목A,체육학과,유신환,운동처방론,전선,[전환(혼합)]
854,[전환(동영상)],월3,체육학과,곽창수,운동역학,전선,[전환(동영상)]
855,,화7,체육학과,유신환,테니스II,전선,[오프라인]
856,,수5,체육학과,윤현기,태권도II,전선,[오프라인]
857,,월7,체육학과,윤현기,태권도II,전선,[오프라인]
858,,화3,체육학과,곽창수,골프II,전선,[오프라인]
859,[전환(혼합)],화5,체육학과,유신환,운동부하검사및체력육성,전선,[전환(혼합)]
860,,월7,체육학과,홍재승,캡스톤디자인:스포츠현장연구Ⅱ,전선,[오프라인]
861,[전환(혼합)],화B 목B,체육학과,유신환,건강.체력평가,전선,[전환(혼합)]
862,,수4 금3,체육학과,곽창수,캡스톤디자인:재활스포츠현장연구,전선,[오프라인]
863,[전환(동영상)],월1,체육학과,유신환,재활수중운동론,전선,[전환(동영상)]
864,,금7,체육학과,이연주,동계스포츠(설상Ⅱ),전선,[오프라인]
865,[전환(동영상)],화D 목D,체육학과,홍재승,스포츠시설론,전선,[전환(동영상)]
866,[전환(혼합)],수2 금1,체육학과,최경호,스포츠산업,전선,[전환(혼합)]
867,[전환(동영상)],목7,체육학과,서성훈,스포츠안전과심폐소생술,전선,[전환(동영상)]
868,,화7,체육학과,곽창수,배구(고급),전선,[오프라인]
869,,화C 목C,전자공학과,김점근,전자회로Ⅱ,전선,[오프라인]
870,[블렌디드],화5,소프트웨어융합대학,박지현,디지털신호처리,공통전선,[블렌디드]
871,[플립러닝],화5,소프트웨어융합대학,이은주,데이터통신,공통전선,[플립러닝]
872,[플립러닝],월1,소프트웨어융합대학,이은주,선형대수,공통전선,[플립러닝]
873,[플립러닝],월7,소프트웨어융합대학,이은주,선형대수,공통전선,[플립러닝]
874,[전환(동영상)],월1,소프트웨어융합대학,김유섭,선형대수,공통전선,[전환(동영상)]
875,[블렌디드],월1,소프트웨어융합대학,이선우,선형대수,공통전선,[블렌디드]
876,[블렌디드],월1,소프트웨어융합대학,김종대,선형대수,공통전선,[블렌디드]
877,[플립러닝],월1,소프트웨어융합대학,송성호,선형대수,공통전선,[플립러닝]
878,[블렌디드],화7,소프트웨어융합대학,김병정,C프로그래밍,공통전선,[블렌디드]
879,[플립러닝],화5,소프트웨어융합대학,양은샘,C프로그래밍,공통전선,[플립러닝]
880,[블렌디드],화1,소프트웨어융합대학,김진,C프로그래밍,공통전선,[블렌디드]
881,[전환(동영상)],화A 목A,나노융합스쿨,한동욱,결정구조및회절,전선,[전환(동영상)]
882,[전환(동영상)],화A 목A,반도체전공,한동욱,결정구조및회절,전선,[전환(동영상)]
883,[전환(동영상)],화B 목B,융합신소재공학전공,박민,상변화와미세조직,전선,[전환(동영상)]
884,[전환(동영상)],화B 목B,미래융합스쿨,박민,상변화와미세조직,전선,[전환(동영상)]
885,[전환(동영상)],화E 목E,미래융합스쿨,박민,바이오소재,전선,[전환(동영상)]
886,[전환(동영상)],화E 목E,융합신소재공학전공,박민,바이오소재,전선,[전환(동영상)]
887,[전환(동영상)],화D 목D,미래융합스쿨,박민,고분자소재,전선,[전환(동영상)]
888,[전환(동영상)],화D 목D,융합신소재공학전공,박민,고분자소재,전선,[전환(동영상)]
889,[전환(화상)],수4 금3,미래융합스쿨,박민,마이크로나노시스템,전선,[전환(화상)]
890,[전환(화상)],수4 금3,융합신소재공학전공,박민,마이크로나노시스템,전선,[전환(화상)]
891,,화F 목F,융합신소재공학전공,박민,신소재특강II,전선,[오프라인]
892,,화F 목F,미래융합스쿨,박민,신소재특강II,전선,[오프라인]
893,,월5,미래융합스쿨,박민,캡스톤디자인2,전선,[오프라인]
894,,월5,융합신소재공학전공,박민,캡스톤디자인2,전선,[오프라인]
895,[블렌디드],월7,전자공학과,배무호,회로이론및실험II,전선,[블렌디드]
896,[플립러닝],화3,전자공학과,이선우,마이크로컨트롤러기초,전선,[플립러닝]
897,[블렌디드],수7,전자공학과,배무호,초음파신호처리,전선,[블렌디드]
898,,화E 목E,전자공학과,이은주,송배전공학(종합설계),전선,[오프라인]
899,,화D 목D,전자공학과,방성근,전자물성학,전선,[오프라인]
900,,수7,전자공학과,박재훈,디스플레이종합설계,전선,[오프라인]
901,,수5,전자공학과,박재훈,반도체공정개론,전선,[오프라인]
902,[동영상 콘텐츠],온라인1,전자공학과,안재목,생체신호처리(종합설계),전선,[동영상 콘텐츠]
903,[플립러닝],금7,전자공학과,이은주,CAD활용기초,전선,[플립러닝]
904,[전환(화상)],수2 목2,환경생명공학과,정다운,공정양론,전선,[전환(화상)]
905,[전환(화상)],월3,환경생명공학과,박진용,환경공학개론,전선,[전환(화상)]
906,[전환(화상)],수8 금7,환경생명공학과,최성찬,환경오염물질분석,전선,[전환(화상)]
907,,화6,환경생명공학과,김승도,폐기물처리실험,전선,[오프라인]
908,,목6,환경생명공학과,박진용,폐수처리실험,전선,[오프라인]
909,[전환(화상)],화8 수5,환경생명공학과,박진용,유체역학,전선,[전환(화상)]
910,,월9,환경생명공학과,최성찬,전공세미나II,전선,[오프라인]
911,[전환(동영상)],목2,환경생명공학과,박경란,환경정책,전선,[전환(동영상)]
912,[전환(동영상)],월6,환경생명공학과,김정원,환경기초화학실험,전선,[전환(동영상)]
913,[전환(동영상)],월3,환경생명공학과,김정원,환경유기화학,전선,[전환(동영상)]
914,[전환(동영상)],수8,환경생명공학과,김종두,최근환경기술동향,전선,[전환(동영상)]
915,,,환경생명공학과,박진용,캡스톤디자인:환경생명공학실험 I,전선,[오프라인]
916,[전환(화상)],월7,환경생명공학과,정다운,생물학적폐수처리공학,전선,[전환(화상)]
917,[전환(화상)],수2 금1,언어청각학부,임덕환,청각기관해부및생리,공통전선,[전환(화상)]
918,[전환(혼합)],월7,언어병리학전공,하승희,조음음운장애,전선,[전환(혼합)]
919,[전환(화상)],화A 목A,언어병리학전공,배소영,언어발달장애,전선,[전환(화상)]
920,[전환(혼합)],화6,언어병리학전공,전진아,언어재활관찰,전선,[전환(혼합)]
921,,월1,언어병리학전공,전진아,언어진단실습-캡스톤디자인,전선,[오프라인]
922,,월1,언어병리학전공,이효주,언어진단실습-캡스톤디자인,전선,[오프라인]
923,,월8,언어병리학전공,전진아,언어재활실습I-캡스톤디자인,전선,[오프라인]
924,,월8,언어병리학전공,최지은,언어재활실습I-캡스톤디자인,전선,[오프라인]
925,[전환(화상)],화B 목B,언어병리학전공,이윤경,자폐범주장애언어재활,전선,[전환(화상)]
926,[전환(화상)],화C 목C,언어병리학전공,최지은,지적장애언어재활,전선,[전환(화상)]
927,[전환(화상)],화1,언어병리학전공,전진아,언어재활현장실무,전선,[전환(화상)]
928,[전환(혼합)],화8,언어병리학전공,전진아,의사소통장애진단평가,전선,[전환(혼합)]
929,[전환(화상)],화D 목D,언어병리학전공,윤지혜,노화와의사소통장애,전선,[전환(화상)]
930,[전환(화상)],월3,청각학전공,임덕환,Cochlear Implants & Special Hearing Aids,전선,[전환(화상)]
931,[전환(화상)],화D 목D,청각학전공,장현숙,장애아동의이해,전선,[전환(화상)]
932,[전환(화상)],월2 수7,청각학전공,한우재,Auditory Phonetics,전선,[전환(화상)]
933,[전환(화상)],월7,청각학전공,진인기,보청기평가및적합,전선,[전환(화상)]
934,,월5 수1,청각학전공,이현주,행동청능평가실습,전선,[오프라인]
935,,월6 수4,청각학전공,심상용,행동청능평가실습,전선,[오프라인]
936,[전환(혼합)],화7,청각학전공,심상용,청능재활실습,전선,[전환(혼합)]
937,,화1,청각학전공,오수희,청성유발전위평가실습,전선,[오프라인]
938,,화4,청각학전공,오수희,청성유발전위평가실습,전선,[오프라인]
939,[전환(화상)],화7,청각학전공,김진숙,청성유발전위평가,전선,[전환(화상)]
940,[프로젝트중심],수6 금5,청각학전공,진인기,보청기평가및적합실습,전선,[프로젝트중심]
941,[전환(동영상)],월5,소프트웨어융합대학,김유섭,텍스트정보처리,공통전선,[전환(동영상)]
942,[전환(동영상)],수3,소프트웨어융합대학,김태운,클라우드컴퓨팅,공통전선,[전환(동영상)]
943,[동영상 콘텐츠],온라인1,빅데이터전공,윤지희,빅데이터개론,공통전선,[동영상 콘텐츠]
944,[동영상 콘텐츠],온라인1,소프트웨어융합대학,윤지희,빅데이터개론,공통전선,[동영상 콘텐츠]
945,[전환(동영상)],온라인6,소프트웨어융합대학,이원철,빅데이터캡스톤디자인,공통전선,[전환(동영상)]
946,[플립러닝],화1,소프트웨어융합대학,이정,VR/AR/게임제작기초,공통전선,[플립러닝]
947,[플립러닝],화3,소프트웨어융합대학,이정,VR/AR/게임제작기초,공통전선,[플립러닝]
948,[플립러닝],화3,소프트웨어융합대학,김선정,VR/AR/게임제작기초,공통전선,[플립러닝]
949,[플립러닝],수3,소프트웨어융합대학,이정,증강현실기초및실습,공통전선,[플립러닝]
950,[플립러닝],월3,소프트웨어융합대학,김선정,게임프로그래밍,공통전선,[플립러닝]
951,[전환(동영상)],온라인7,소프트웨어융합대학,이원철,콘텐츠IT캡스톤디자인,공통전선,[전환(동영상)]
952,[플립러닝],화5,소프트웨어융합대학,허종욱,영상처리와딥러닝,공통전선,[플립러닝]
953,[플립러닝],화3,스마트IoT전공,노원종,디지털통신,공통전선,[플립러닝]
954,[플립러닝],화3,소프트웨어융합대학,노원종,디지털통신,공통전선,[플립러닝]
955,,화B 목B,소프트웨어융합대학,미정,네트워크보안,공통전선,[오프라인]
956,[전환(혼합)],화5,스마트IoT전공,김병정,IoT플랫폼설계,공통전선,[전환(혼합)]
957,[전환(혼합)],화5,소프트웨어융합대학,김병정,IoT플랫폼설계,공통전선,[전환(혼합)]
958,[전환(동영상)],온라인6,소프트웨어융합대학,김진국,스마트IoT캡스톤디자인,공통전선,[전환(동영상)]
959,,화E 목E,소프트웨어융합대학,미정,연구프로젝트II,공통전선,[오프라인]
960,[전환(동영상)],월4,소프트웨어융합대학,김진국,소프트웨어세미나IV,공통전선,[전환(동영상)]
961,[전환(동영상)],온라인7,소프트웨어융합대학,이원철,소프트웨어캡스톤디자인,공통전선,[전환(동영상)]
962,[전환(동영상)],월8,소프트웨어융합대학,김동회,소프트웨어세미나III,공통전선,[전환(동영상)]
963,,월3,소프트웨어융합대학,김진,소프트웨어특강II,공통전선,[오프라인]
964,[플립러닝],수7,소프트웨어융합대학,고영웅,오픈소스SW개발도구활용,공통전선,[플립러닝]
965,,화3,소프트웨어융합대학,엄상용,컴파일러구성,공통전선,[오프라인]
966,[플립러닝],월5,소프트웨어융합대학,송성호,파이썬과학프로그래밍기초,공통전선,[플립러닝]
967,[블렌디드],화3,소프트웨어융합대학,김병정,파이썬과학프로그래밍기초,공통전선,[블렌디드]
968,[블렌디드],화5,소프트웨어융합대학,이선우,파이썬과학프로그래밍기초,공통전선,[블렌디드]
969,[블렌디드],화3,소프트웨어융합대학,주한규,알고리즘,공통전선,[블렌디드]
970,[블렌디드],수7,소프트웨어융합대학,송창근,알고리즘,공통전선,[블렌디드]
971,[블렌디드],화5,소프트웨어융합대학,김진,알고리즘,공통전선,[블렌디드]
972,[블렌디드],월5,소프트웨어융합대학,김진,알고리즘,공통전선,[블렌디드]
973,[블렌디드],수3,소프트웨어융합대학,윤지희,데이터베이스,공통전선,[블렌디드]
974,[블렌디드],수7,소프트웨어융합대학,윤지희,데이터베이스,공통전선,[블렌디드]
975,[전환(동영상)],화7,소프트웨어융합대학,김동회,오픈소스SW의이해,공통전선,[전환(동영상)]
976,[전환(동영상)],화5,소프트웨어융합대학,김동회,오픈소스리눅스실무,공통전선,[전환(동영상)]
977,[전환(동영상)],목5,소프트웨어융합대학,김동회,오픈소스리눅스실무,공통전선,[전환(동영상)]
978,,월5,소프트웨어융합대학,미정,블록체인,공통전선,[오프라인]
979,[전환(동영상)],월5,소프트웨어융합대학,김진국,4차산업혁명과창업,공통전선,[전환(동영상)]
980,,화5,소프트웨어융합대학,미정,오픈소스하드웨어응용,공통전선,[오프라인]
981,,화3,소프트웨어융합대학,미정,고급임베디드시스템,공통전선,[오프라인]
982,[전환(동영상)],수3,소프트웨어융합대학,임성훈,인공지능수학,공통전선,[전환(동영상)]
983,[전환(동영상)],화3,소프트웨어융합대학,정재동,기술창업캡스톤디자인,공통전선,[전환(동영상)]
984,,월3,청소년학,전성원,청소년지도현장실습,복수전공1,[오프라인]
985,[전환(동영상)],월3,한중비즈니스,성시일,국제통상론,복수전공1,[전환(동영상)]
986,[전환(동영상)],화B 목B,한중비즈니스,성시일,무역결제론,복수전공1,[전환(동영상)]
987,[전환(동영상)],화E 목E,한중비즈니스,강희모,한중비즈니스코딩,복수전공1,[전환(동영상)]
988,[전환(동영상)],화A 목A,한중비즈니스,강희모,한중비즈니스프리젠테이션,복수전공1,[전환(동영상)]
989,[전환(동영상)],월3,일송자유교양대학,전진희,관광학개론,일반교양,[전환(동영상)]
990,[전환(동영상)],월7,일송자유교양대학,이지원,관광학개론,일반교양,[전환(동영상)]
991,[전환(동영상)],금5,경영학과,김도희,여행사경영론(종합설계),전선,[전환(동영상)]
992,[전환(동영상)],화D 목D,경영학과,전진희,국제행사운영기획(종합설계),전선,[전환(동영상)]
993,[전환(동영상)],월3,경영학과,김도희,서비스마케팅,전선,[전환(동영상)]
994,[전환(화상)],월7,경영학과,고태규,관광산업론(종합설계),전선,[전환(화상)]
995,,월11,생명과학과,전성호,캡스톤디자인생물학연구II,전선,[오프라인]
996,[전환(화상)],수7,식품영양학과,박경호,영양학용어,전선,[전환(화상)]
997,[전환(동영상)],월7,미래융합스쿨,이승환,디지털북디자인 II,전선,[전환(동영상)]
998,[전환(동영상)],월7,ICT융합전공,이승환,디지털북디자인 II,전선,[전환(동영상)]
999,[전환(화상)]글로벌학부 1학년 필수 교양,목E,일송자유교양대학,신유경,Selected Readings and Analysis,기초,[전환(화상)]
1000,[전환(화상)]글로벌학부 1학년 필수 교양,월2,일송자유교양대학,신유경,Intermediate Academic Research,기초,[전환(화상)]
1001,[전환(동영상)]글로벌학부 분반,목B,일송자유교양대학,황순양,Basic Spanish 2,일반교양,[전환(동영상)]
1002,[전환(동영상)]융합인재학부 분반,목E,일송자유교양대학,황순양,Basic Spanish 2,일반교양,[전환(동영상)]
1003,[전환(화상)]글로벌학부 1학년 필수 교양,화C,일송자유교양대학,신유경,International Affairs and Global Perspectives,일반교양,[전환(화상)]
1004,2학년 이상 수강 가능,화6,일송자유교양대학,김유정,디지털그래픽활용,기초,[오프라인]
1005,[실시간 화상강의],수5,일송자유교양대학,방기석,인터넷의이해,일반교양,[실시간 화상강의]
1006,통합정보시스템에서 신청,,일송자유교양대학,서경석,사회봉사활동Ⅰ,한림소양,[오프라인]
1007,통합정보시스템에서 신청,,일송자유교양대학,한상진,사회봉사활동Ⅱ,한림소양,[오프라인]
1008,통합정보시스템에서 신청,,일송자유교양대학,이성룡,사회봉사활동Ⅱ,한림소양,[오프라인]
1009,통합정보시스템에서 신청,,일송자유교양대학,이재선,사회봉사활동Ⅱ,한림소양,[오프라인]
1010,통합정보시스템에서 신청,,일송자유교양대학,서경석,사회봉사활동Ⅱ,한림소양,[오프라인]
1011,통합정보시스템에서 신청,,일송자유교양대학,심보경,사회봉사활동Ⅱ,한림소양,[오프라인]
1012,[전환(동영상)],월3,일송자유교양대학,허명국,인터넷과법,일반교양,[전환(동영상)]
1013,[전환(화상)],화B 목B,일송자유교양대학,박혜경,러시아문화와예술,일반교양,[전환(화상)]
1014,[전환(화상)],화A 목A,글로벌학부,안정민,Understanding Law and Policy,공통전선,[전환(화상)]
1015,,금1,한중통번역전공,LI WEI WEI,B전공언어 II,전선,[오프라인]
1016,,금5,한중통번역전공,LI WEI WEI,문장구역 II,전선,[오프라인]
1017,[전환(화상)],화C 목C,한중통번역전공,김초록,C언어기초 II,전선,[전환(화상)]
1018,[전환(화상)],화B 목B,한중통번역전공,김미숙,B언어숙달 II,전선,[전환(화상)]
1019,[전환(화상)],화7,한중통번역전공,박정희,노트테이킹 II,전선,[전환(화상)]
1020,,화B 목B,글로컬융합인문학전공,주동률,경제와정의,전선,[오프라인]
1021,[전환(동영상)],수8 금7,글로컬융합인문학전공,홍택규,인간과기호,전선,[전환(동영상)]
1022,[전환(화상)],화D 목D,글로컬융합인문학전공,이찬,쟁점으로읽는동양사상,전선,[전환(화상)]
1023,[전환(동영상)],월3,글로컬융합인문학전공,최태강,동북아의미래지향적비전,전선,[전환(동영상)]
1024,,월9,글로컬융합인문학전공,김아람,한국문화현장답사III,전선,[오프라인]
1025,[전환(화상)],화A 목A,문화산업전공,김익태,문화콘텐츠마케팅,전선,[전환(화상)]
1026,[전환(화상)],수6,문화산업전공,송승철,Culture and Globalization 2,전선,[전환(화상)]
1027,[전환(화상)],월6,문화산업전공,윤은주,문화산업과인적자원관리,전선,[전환(화상)]
1028,[전환(화상)],화D 목D,문화산업전공,김익태,문화콘텐츠와소비자행동,전선,[전환(화상)]
1029,[전환(혼합)],월3,AI융합전공,이종석,AI융합챌린지,전선,[전환(혼합)]
1030,[전환(혼합)],월3,글로벌융합대학,이종석,AI융합챌린지,전선,[전환(혼합)]
1031,[블렌디드],금6,글로벌융합대학,염현덕,AI융합세미나II,전선,[블렌디드]
1032,[블렌디드],금6,AI융합전공,염현덕,AI융합세미나II,전선,[블렌디드]
1033,[전환(동영상)],화D 목D,글로벌비즈니스전공,조규성,Financial Management I,전선,[전환(동영상)]
1034,[전환(화상)],월5,글로벌비즈니스전공,신유경,Senior Seminar in Global Business,전선,[전환(화상)]
1035,[전환(동영상)],월7,글로벌비즈니스전공,조동훈,Intermediate Microeconomics II,전선,[전환(동영상)]
1036,[전환(화상)],월1,글로벌비즈니스전공,노석재,Intermediate Macroeconomics II,전선,[전환(화상)]
1037,[전환(화상)],금6,글로벌비즈니스전공,조창익,Global Business Project(캡스톤디자인),전선,[전환(화상)]
1038,[전환(화상)],월3,문화산업전공,김익태,문화콘텐츠비즈니스조사기획(종합설계),전선,[전환(화상)]
1039,[실시간 화상강의],화B 목B,문화산업전공,김익태,문화콘텐츠비즈니스조사기획(종합설계),전선,[실시간 화상강의]
1040,[전환(화상)],월3,문화산업전공,김익태,문화콘텐츠비즈니스조사기획(종합설계),전선,[전환(화상)]
1041,[실시간 화상강의],화B 목B,문화산업전공,김익태,문화콘텐츠비즈니스조사기획(종합설계),전선,[실시간 화상강의]
1042,[전환(동영상)],금1,문화산업전공,신진호,문화산업빅데이터관리,전선,[전환(동영상)]
1043,[전환(화상)],월8 수7,문화산업전공,윤은주,축제기획및운영,전선,[전환(화상)]
1044,,월3,정보법과학전공,미정,Introduction to Digital Forensics,전선,[오프라인]
1045,[전환(화상)],월1,정보법과학전공,박노섭,Criminal Investigation,전선,[전환(화상)]
1046,[블렌디드],수3,정보법과학전공,김혁준,Network Security & Forensics,전선,[블렌디드]
1047,[전환(화상)],화D 목D,정보법과학전공,장윤식,Cybercrime,전선,[전환(화상)]
1048,[전환(화상)],금5,정보법과학전공,이윤정,Crime & Investigative Psychology,전선,[전환(화상)]
1049,[전환(화상)],화A 목A,정보법과학전공,박노섭,Crime & Punishment,전선,[전환(화상)]
1050,[전환(화상)],화B 목B,정보법과학전공,안정민,Communication Regulation,전선,[전환(화상)]
1051,[전환(화상)],월5,정보법과학전공,장윤식,Capstone Design Seminar,전필,[전환(화상)]
1052,[전환(화상)],목3,한중통번역전공,한혜정,비즈니스커뮤니케이션 II,전선,[전환(화상)]
1053,[전환(화상)],화A 목A,한중통번역전공,김미숙,한국의언어문화,전선,[전환(화상)]
1054,[블렌디드],월6,한중통번역전공,장범성,한국시사입문,전선,[블렌디드]
1055,[전환(화상)],목7,한중통번역전공,한혜정,B언어프레젠테이션,전선,[전환(화상)]
1056,[전환(화상)],화3,한중통번역전공,박정희,MICE통번역2,전선,[전환(화상)]
1057,,수4 금3,한국학전공,RAY ALLEN BRUCE,Encounters with Korea,전선,[오프라인]
1058,,화B 목B,한국학전공,FREY BRITT FRANKLIN,Fundamental Issues for International Business in Korea,전선,[오프라인]
1059,,화E 목E,한국학전공,노은미,Korean Film and Literature,전선,[오프라인]
1060,[전환(화상)],월0,한국학전공,조창익,Korean Economy: Dynamics and Future,전선,[전환(화상)]
1061,,화C,한국학전공,양기웅,Korea and International Relations in East Asia,전선,[오프라인]
1062,[전환(혼합)],월3,한국학전공,이지연,Current Issues in Modern Korean Society,전선,[전환(혼합)]
1063,[전환(동영상)],월1,데이터과학융합스쿨,심송용,실험계획과분석,전선,[전환(동영상)]
1064,[전환(동영상)],월1,임상의학통계전공,심송용,실험계획과분석,전선,[전환(동영상)]
1065,[전환(혼합)],월1,데이터과학융합스쿨,최희지,통계적사고와이해,공통전선,[전환(혼합)]
1066,[전환(혼합)],수7,데이터과학융합스쿨,김윤태,데이터구조와컴퓨팅,공통전선,[전환(혼합)]
1067,[전환(혼합)],월7,데이터과학융합스쿨,최희지,생명보험과데이터,전선,[전환(혼합)]
1068,[전환(혼합)],월7,디지털금융정보전공,최희지,생명보험과데이터,전선,[전환(혼합)]
1069,[전환(혼합)],월3,데이터과학융합스쿨,한준희,어드벤쳐디자인:데이터시각화,공통전선,[전환(혼합)]
1070,[전환(혼합)],월3,데이터과학융합스쿨,한준희,어드벤쳐디자인:데이터시각화,공통전선,[전환(혼합)]
1071,[전환(혼합)],월3,데이터과학융합스쿨,손대순,빅데이터마이닝:머신러닝,공통전선,[전환(혼합)]
1072,[전환(동영상)],수6 온라인8,일송자유교양대학,이재진,AI를 활용한 적응형 수학기초,일반교양,[전환(동영상)]
1073,[전환(동영상)],월3 온라인8,일송자유교양대학,이기원,AI를 활용한 통계학 기초,일반교양,[전환(동영상)]
1074,[블렌디드],수3,의과학융합전공,김선정,헬스케어Web프로그래밍,전선,[블렌디드]
1075,[전환(혼합)],월1,의과학융합전공,정득,시장조사분석론,전선,[전환(혼합)]
1076,[전환(혼합)],월3,의과학융합전공,정득,통계분석과활용,전선,[전환(혼합)]
1077,[전환(혼합)],월5,의과학융합전공,조창익,의과학비즈니스모형론,전선,[전환(혼합)]
1078,[전환(혼합)],월9,의과학융합전공,조창익,융합의과학세미나,전선,[전환(혼합)]
1079,[전환(혼합)],수3,의과학융합전공,김건희,헬스&라이프케어창업론,전선,[전환(혼합)]
1080,[전환(혼합)],화F 목F,데이터과학융합스쿨,한준희,텍스트마이닝,공통전선,[전환(혼합)]
1081,[전환(동영상)],화B 목B,데이터과학융합스쿨,심송용,데이터과학을위한파이썬,전선,[전환(동영상)]
1082,[전환(동영상)],화B 목C,데이터과학융합스쿨,심송용,데이터과학을위한파이썬,전선,[전환(동영상)]
1083,[전환(동영상)],화B 목B,데이터테크전공,심송용,데이터과학을위한파이썬,전선,[전환(동영상)]
1084,[전환(동영상)],화B 목C,데이터테크전공,심송용,데이터과학을위한파이썬,전선,[전환(동영상)]
1085,[전환(혼합)],월5,임상의학통계전공,손대순,바이오데이터의이해,전선,[전환(혼합)]
1086,[전환(혼합)],월5,데이터과학융합스쿨,손대순,바이오데이터의이해,전선,[전환(혼합)]
1087,[전환(동영상)],화E 목E,미래융합스쿨,류세민,로봇기초,전선,[전환(동영상)]
1088,[전환(동영상)],화E 목E,ICT융합전공,류세민,로봇기초,전선,[전환(동영상)]
1089,[전환(동영상)],화D 목D,미래융합스쿨,김승찬,딥러닝의이해및활용,전선,[전환(동영상)]
1090,[전환(동영상)],화D 목D,ICT융합전공,김승찬,딥러닝의이해및활용,전선,[전환(동영상)]
1091,[전환(화상)],화F 목F,디지털인문예술전공,김용수,인문관계망시각화,전선,[전환(화상)]
1092,[전환(화상)],화F 목F,미래융합스쿨,김용수,인문관계망시각화,전선,[전환(화상)]
1093,[전환(동영상)],화C 목C,디지털인문예술전공,윤인선,디지털매체와예술,전선,[전환(동영상)]
1094,[전환(동영상)],화C 목C,미래융합스쿨,윤인선,디지털매체와예술,전선,[전환(동영상)]
1095,[전환(화상)],화B 목B,미래융합스쿨,송숙영,디지털시각디자인,전선,[전환(화상)]
1096,[전환(화상)],화B 목B,디지털인문예술전공,송숙영,디지털시각디자인,전선,[전환(화상)]
1097,[전환(동영상)],화E 목E,디지털인문예술전공,윤인선,시각예술의 역사,전선,[전환(동영상)]
1098,[전환(동영상)],화E 목E,미래융합스쿨,윤인선,시각예술의 역사,전선,[전환(동영상)]
1099,[전환(동영상)],월5,디지털인문예술전공,심재연,지역사회와 역사문화콘텐츠,전선,[전환(동영상)]
1100,[전환(동영상)],월5,미래융합스쿨,심재연,지역사회와 역사문화콘텐츠,전선,[전환(동영상)]
1101,[전환(동영상)],수6 금5,디지털인문예술전공,김지현,캡스톤 디자인: 지역문화콘텐츠기획,전선,[전환(동영상)]
1102,[전환(동영상)],수6 금5,미래융합스쿨,김지현,캡스톤 디자인: 지역문화콘텐츠기획,전선,[전환(동영상)]
1103,[동영상 콘텐츠],수8,미래융합스쿨,황미진,지역문화예술경영,전선,[동영상 콘텐츠]
1104,[동영상 콘텐츠],수8,디지털인문예술전공,황미진,지역문화예술경영,전선,[동영상 콘텐츠]
1105,[전환(화상)],월3,미래융합스쿨,이승은,대중서사양식의이해,전선,[전환(화상)]
1106,[전환(화상)],화D 목D,미래융합스쿨,조은별,대중서사양식의이해,전선,[전환(화상)]
1107,[전환(화상)],월3,디지털인문예술전공,이승은,대중서사양식의이해,전선,[전환(화상)]
1108,[전환(화상)],화D 목D,디지털인문예술전공,송숙영,데이터아트,전선,[전환(화상)]
1109,[전환(화상)],화D 목D,미래융합스쿨,송숙영,데이터아트,전선,[전환(화상)]
1110,[동영상 콘텐츠],월3,미래융합스쿨,SAITO AKEMI,한일문화와언어,전선,[동영상 콘텐츠]
1111,[동영상 콘텐츠],월3,한류크리에이터공공외교융합전공,SAITO AKEMI,한일문화와언어,전선,[동영상 콘텐츠]
1112,,월5,한류크리에이터공공외교융합전공,심필선,한류영상콘텐츠개발,전선,[오프라인]
1113,,월5,미래융합스쿨,심필선,한류영상콘텐츠개발,전선,[오프라인]
1114,[전환(화상)],화F 목F,미래융합스쿨,미정,한류엔터테인먼트산업의이해,전선,[전환(화상)]
1115,[전환(화상)],화F 목F,한류크리에이터공공외교융합전공,미정,한류엔터테인먼트산업의이해,전선,[전환(화상)]
1116,,금5,한류크리에이터공공외교융합전공,미정,1인미디어콘텐츠제작워크숍,전선,[오프라인]
1117,,금5,미래융합스쿨,미정,1인미디어콘텐츠제작워크숍,전선,[오프라인]
1118,,금1,한류크리에이터공공외교융합전공,미정,웹드라마스토리텔링,전선,[오프라인]
1119,,금1,미래융합스쿨,미정,웹드라마스토리텔링,전선,[오프라인]
1120,[전환(동영상)],월5,융합관광경영전공,이지원,국제관광의이해,전선,[전환(동영상)]
1121,[전환(동영상)],월5,미래융합스쿨,이지원,국제관광의이해,전선,[전환(동영상)]
1122,,화1,미래융합스쿨,황희곤,MICE산업경영론,전선,[오프라인]
1123,,화1,융합관광경영전공,황희곤,MICE산업경영론,전선,[오프라인]
1124,[전환(동영상)],화7,미래융합스쿨,황재선,호텔실무론,전선,[전환(동영상)]
1125,[전환(동영상)],화7,융합관광경영전공,황재선,호텔실무론,전선,[전환(동영상)]
1126,[전환(화상)],화D 목D,융합관광경영전공,심보경,여행에세이쓰기,전선,[전환(화상)]
1127,[전환(화상)],화D 목D,미래융합스쿨,심보경,여행에세이쓰기,전선,[전환(화상)]
1128,[전환(화상)],월3,미래융합스쿨,윤은주,SNS관광커뮤니케이션,전선,[전환(화상)]
1129,[전환(화상)],월3,융합관광경영전공,윤은주,SNS관광커뮤니케이션,전선,[전환(화상)]
1130,[전환(동영상)],화C 목C,융합관광경영전공,전진희,관광비즈니스영어,전선,[전환(동영상)]
1131,[전환(동영상)],화C 목C,미래융합스쿨,전진희,관광비즈니스영어,전선,[전환(동영상)]
1132,,금7,융합관광경영전공,김준국,관광회계의이해,전선,[오프라인]
1133,,금7,미래융합스쿨,김준국,관광회계의이해,전선,[오프라인]
1134,[전환(동영상)],화E 목E,의약신소재전공,권경애,의약신소재약물전달시스템,전선,[전환(동영상)]
1135,[전환(동영상)],화E 목E,미래융합스쿨,권경애,의약신소재약물전달시스템,전선,[전환(동영상)]
1136,[전환(동영상)],화C 목C,의약신소재전공,NIMSE SATISH BALASAHEB,의약신소재합성,전선,[전환(동영상)]
1137,[전환(동영상)],화C 목C,미래융합스쿨,NIMSE SATISH BALASAHEB,의약신소재합성,전선,[전환(동영상)]
1138,[전환(동영상)],화D 목D,미래융합스쿨,권경애,의약개발계획론,전선,[전환(동영상)]
1139,[전환(동영상)],화D 목D,의약신소재전공,권경애,의약개발계획론,전선,[전환(동영상)]
1140,[전환(동영상)],수2 금1,의약신소재전공,권경애,의약품인허가,전선,[전환(동영상)]
1141,[전환(동영상)],수2 금1,미래융합스쿨,권경애,의약품인허가,전선,[전환(동영상)]
1142,[전환(동영상)],금10,미래융합스쿨,권경애,캡스톤디자인:의약연구2,전선,[전환(동영상)]
1143,[전환(동영상)],금10,의약신소재전공,권경애,캡스톤디자인:의약연구2,전선,[전환(동영상)]
1144,[전환(동영상)],월5,의약신소재전공,김경원,신경과학과뇌질환,전선,[전환(동영상)]
1145,[전환(동영상)],월5,미래융합스쿨,김경원,신경과학과뇌질환,전선,[전환(동영상)]
1146,[전환(동영상)],월5,ICT융합전공,류세민,3D프린팅이해및실습,전선,[전환(동영상)]
1147,[전환(동영상)],월5,미래융합스쿨,류세민,3D프린팅이해및실습,전선,[전환(동영상)]
1148,[전환(동영상)],수3,ICT융합전공,유영제,사물인터넷개발,전선,[전환(동영상)]
1149,[전환(동영상)],수3,미래융합스쿨,유영제,사물인터넷개발,전선,[전환(동영상)]
1150,,월5,사회혁신경영융합전공,신동주,창업가를위한브랜딩디자인,전선,[오프라인]
1151,[전환(화상)],화B 목B,사회혁신경영융합전공,강민정,사회혁신비즈니스경영,전선,[전환(화상)]
1152,[전환(화상)],월7,건강돌봄디자인전공,권명순,건강증진프로그램의개발과평가,전선,[전환(화상)]
1153,,화A 목A,건강돌봄디자인전공,박소현,헬스영양커뮤니케이션,전선,[오프라인]
1154,[전환(화상)],화E 목E,사회혁신경영융합전공,강민정,사회혁신과기업가정신,전선,[전환(화상)]
1155,[전환(화상)],월7,사회혁신경영융합전공,박순정,서비스디자인실습,전선,[전환(화상)]
1156,[전환(동영상)],화B 목B,ICT융합전공,김승찬,캡스톤디자인II:인공지능프로젝트,전선,[전환(동영상)]
1157,[전환(동영상)],화B 목B,미래융합스쿨,김승찬,캡스톤디자인II:인공지능프로젝트,전선,[전환(동영상)]
1158,,수5,공공인재융합전공,미정,공공부문성과관리,전선,[오프라인]
1159,,수5,미래융합스쿨,미정,공공부문성과관리,전선,[오프라인]
1160,,,산학협력특성화대학,이정근,취업연계형정책프로그램1,일반선택,[오프라인]
1161,,,산학협력특성화대학,이정근,취업연계형정책프로그램2,일반선택,[오프라인]
1162,[전환(동영상)]3,수7,산학협력특성화대학,이정근,글로벌취업전략,일반선택,[전환(동영상)]
1163,[전환(동영상)],수3,산학협력특성화대학,이정근,여대생커리어개발과취업전략,일반선택,[전환(동영상)]
1164,[동영상 콘텐츠],금6,의예과,권혁일,오거서세미나II,전필,[동영상 콘텐츠]
1165,[동영상 콘텐츠],금6,의예과,이종호,오거서세미나II,전필,[동영상 콘텐츠]
1166,[동영상 콘텐츠],금6,의예과,송동근,오거서세미나II,전필,[동영상 콘텐츠]
1167,,월8,의예과,서상원,오거서세미나III,전필,[오프라인]
1168,[블렌디드],월1,의예과,NIMSE SATISH BALASAHEB,화학,전필,[블렌디드]
1169,[블렌디드],월1,의예과,NIMSE SATISH BALASAHEB,화학,전필,[블렌디드]
1170,[블렌디드],월1,의예과,NIMSE SATISH BALASAHEB,화학,전필,[블렌디드]
1171,[블렌디드],월1,의예과,NIMSE SATISH BALASAHEB,화학,전필,[블렌디드]
1172,,화1,의예과,이윤환,의학정보학과통계학,전필,[오프라인]
1173,,목1,의예과,이윤환,의학정보학과통계학,전필,[오프라인]
1174,,월5,의예과,김재봉,세포분자생물학,전필,[오프라인]
1175,[동영상 콘텐츠],금1,의예과,김도훈,행동과학,전필,[동영상 콘텐츠]
1176,,수8,의예과,임만섭,미래의학,전필,[오프라인]
1177,[동영상 콘텐츠],월9,의예과,이은주,의학정보처리프로그래밍,전필,[동영상 콘텐츠]
1178,[동영상 콘텐츠],금9,의예과,이은주,의학정보처리프로그래밍,전필,[동영상 콘텐츠]
1179,,,의학과,박성길,외과총론,전필,[오프라인]
1180,,,의학과,이남호,순환기학,전필,[오프라인]
1181,,,의학과,김성구,성장과발달,전필,[오프라인]
1182,,,의학과,박성호,산부인과학실습,전필,[오프라인]
1183,,,의학과,윤종우,신장비뇨기학,전필,[오프라인]
1184,,,의학과,이주연,감각기학,전필,[오프라인]
1185,,,의학과,유경호,신경과학,전필,[오프라인]
1186,,,의학과,전덕인,정신과학,전필,[오프라인]
1187,,,의학과,이진,내과학실습II,전필,[오프라인]
1188,,,의학과,노용균,가정의학,전필,[오프라인]
1189,,,의학과,유경호,신경과학실습,전필,[오프라인]
1190,,,의학과,전덕인,정신과학실습,전필,[오프라인]
1191,,,의학과,왕순주,응급의학실습,전필,[오프라인]
1192,,,의학과,이수경,마취통증의학실습,전필,[오프라인]
1193,,,의학과,이관섭,영상의학실습,전필,[오프라인]
1194,,,의학과,이상규,선택실습,전선,[오프라인]
1195,,,의학과,권형주,인체와질병I,전필,[오프라인]
1196,,,의학과,최경찬,인체와질병II,전필,[오프라인]
1197,,,의학과,이종호,의료인문학I,전필,[오프라인]
1198,,,의학과,김미영,의료인문학III,전필,[오프라인]
1199,,,의학과,조정진,의료인문학세미나II,전필,[오프라인]
1200,,,의학과,서준교,기초의학종합평가,전필,[오프라인]
1201,,,의학과,이상규,진료역량개발과정,전필,[오프라인]
1202,,,의학과,이상규,진료역량개발과정,전필,[오프라인]
1203,,,의학과,서상원,임상종합평가과정,전필,[오프라인]
1204,,,의학과,이상규,진료역량평가II,전필,[오프라인]
1205,,,의학과,서상원,임상의학기본평가,전필,[오프라인]
1206,,,의학과,이상규,통합과정종합평가,전필,[오프라인]
1207,[플립러닝],화4,간호학과,신동수,기본간호학II및실습,전필,[플립러닝]
1208,[플립러닝],화7,간호학과,신동수,기본간호학II및실습,전필,[플립러닝]
1209,[플립러닝],월2,간호학과,신동수,기본간호학II및실습,전필,[플립러닝]
1210,[플립러닝],화1,간호학과,신동수,기본간호학II및실습,전필,[플립러닝]
1211,[플립러닝],월7,간호학과,신동수,기본간호학II및실습,전필,[플립러닝]
1212,[전환(동영상)],금6,간호학과,고은정,의사소통,전필,[전환(동영상)]
1213,[전환(동영상)],금3,간호학과,고은정,의사소통,전필,[전환(동영상)]
1214,[전환(동영상)],월3,간호학과,남경아,정신간호학II,전필,[전환(동영상)]
1215,[전환(동영상)],월6,간호학과,남경아,정신간호학II,전필,[전환(동영상)]
1216,,,간호학과,오연재,정신간호학실습,전필,[오프라인]
1217,,,간호학과,남경아,정신간호학실습,전필,[오프라인]
1218,[전환(동영상)],화3,간호학과,정금희,모성간호학II,전필,[전환(동영상)]
1219,[전환(동영상)],화6,간호학과,정미조,모성간호학II,전필,[전환(동영상)]
1220,[전환(동영상)],금1,간호학과,김신정,아동청소년간호학II,전필,[전환(동영상)]
1221,[전환(동영상)],금1,간호학과,김신정,아동청소년간호학II,전필,[전환(동영상)]
1222,[전환(동영상)],월8,간호학과,김춘길,보완대체요법,전선,[전환(동영상)]
1223,[전환(동영상)],월3,간호학과,장은영,아동청소년간호학III,전필,[전환(동영상)]
1224,[전환(동영상)],월1,간호학과,장은영,아동청소년간호학III,전필,[전환(동영상)]
1225,[전환(동영상)],화3,간호학과,이은희,간호관리학II,전필,[전환(동영상)]
1226,[전환(동영상)],수8,간호학과,이은희,간호관리학II,전필,[전환(동영상)]
1227,,,간호학과,이은희,간호관리학실습,전필,[오프라인]
1228,,,간호학과,이은희,간호관리학실습,전필,[오프라인]
1229,[전환(동영상)],수3,간호학과,권명순,지역사회간호학III,전필,[전환(동영상)]
1230,[전환(동영상)],화6,간호학과,권명순,지역사회간호학III,전필,[전환(동영상)]
1231,[전환(동영상)],화8,간호학과,김수희,보건프로그램개발및평가,전선,[전환(동영상)]
1232,[전환(동영상)],화6,간호학과,이은희,간호와법,전필,[전환(동영상)]
1233,[전환(동영상)],수6,간호학과,이은희,간호와법,전필,[전환(동영상)]
1234,[전환(동영상)],화2,간호학과,곽찬영,기초간호과학II,전필,[전환(동영상)]
1235,[전환(동영상)],화6,간호학과,곽찬영,기초간호과학II,전필,[전환(동영상)]
1236,,화1,간호학과,김수희,통합실습II,전필,[오프라인]
1237,,월1,간호학과,김수희,통합실습II,전필,[오프라인]
1238,,월8,간호학과,김수희,통합실습II,전필,[오프라인]
1239,,월6,간호학과,김수희,통합실습II,전필,[오프라인]
1240,,월3,간호학과,김수희,통합실습II,전필,[오프라인]
1241,,화1,간호학과,김수희,통합실습II,전필,[오프라인]
1242,,월1,간호학과,김수희,통합실습II,전필,[오프라인]
1243,,월8,간호학과,김수희,통합실습II,전필,[오프라인]
1244,,월6,간호학과,김수희,통합실습II,전필,[오프라인]
1245,,월3,간호학과,김수희,통합실습II,전필,[오프라인]
1246,[전환(동영상)],수1,간호학과,김신정,국제간호,전선,[전환(동영상)]
1247,[전환(동영상)],화9,간호학과,박동진,헬스커뮤니케이션,전선,[전환(동영상)]
1248,[전환(동영상)],수6,간호학과,김은정,성인간호학I,전필,[전환(동영상)]
1249,[전환(동영상)],수8,간호학과,김은정,성인간호학I,전필,[전환(동영상)]
1250,[전환(동영상)],화3,간호학과,김현정,성인간호학III,전필,[전환(동영상)]
1251,[전환(동영상)],화1,간호학과,김현정,성인간호학III,전필,[전환(동영상)]
1252,,,간호학과,김현정,성인간호학실습III,전필,[오프라인]
1253,[전환(동영상)],월6,간호학과,장희정,성인간호학V,전필,[전환(동영상)]
1254,[전환(동영상)],화3,간호학과,장희정,성인간호학V,전필,[전환(동영상)]
1255,,,간호학과,김은정,성인간호학실습V,전필,[오프라인]
1256,,,간호학과,이아람,성인간호학실습V,전필,[오프라인]
1257,,,간호학과,오정화,모성간호학실습,전필,[오프라인]
1258,,,간호학과,정금희,모성간호학실습,전필,[오프라인]
1259,,,간호학과,김예영,아동청소년간호학실습II,전필,[오프라인]
1260,,,간호학과,권명순,지역사회간호학실습II,전필,[오프라인]
1261,,,간호학과,김수희,지역사회간호학실습II,전필,[오프라인]
1262,[전환(동영상)],금6,간호학과,이태경,생식보건,전선,[전환(동영상)]
1263,[전환(동영상)],수8,간호학과,장희정,기초간호과학입문,전선,[전환(동영상)]
1264,,월6,간호학과,김현정,통합실습I,전필,[오프라인]
1265,,수1,간호학과,김현정,통합실습I,전필,[오프라인]
1266,,월1,간호학과,김현정,통합실습I,전필,[오프라인]
1267,,월3,간호학과,김현정,통합실습I,전필,[오프라인]
1268,,수3,간호학과,김현정,통합실습I,전필,[오프라인]
1269,,화E 목E,미래융합스쿨,황현석,게임데이터분석,전선,[오프라인]
1270,,화E 목E,인터랙션디자인전공,황현석,게임데이터분석,전선,[오프라인]
1271,[전환(혼합)],화B 목B,광고홍보학과,최정화,Consumer Behavior,전선,[전환(혼합)]
1272,,수8,일송자유교양대학,정나래,아쿠아휘트니스,한림소양,[오프라인]
1273,,화5,일송자유교양대학,정나래,휘트니스댄스,한림소양,[오프라인]
1274,[전환(동영상)],월7,일송자유교양대학,김동일,이공계를 위한 수식 영어,일반교양,[전환(동영상)]
1275,[전환(동영상)],화E 목E,일송자유교양대학,김동일,취업시험을 위한 수학,일반교양,[전환(동영상)]
1276,[전환(동영상)],화F 목F,일송자유교양대학,김동일,기하학입문,일반교양,[전환(동영상)]
1277,[전환(동영상)],월3,일송자유교양대학,김동일,궁금하지만 질문 못한 수학의 원리,일반교양,[전환(동영상)]
1278,[전환(동영상)],월3,일송자유교양대학,송인재,개념으로읽는동아시아근현대,일반교양,[전환(동영상)]
1279,[전환(동영상)],온라인1,일송자유교양대학,방기석,창업비지니스플랜,일반교양,[전환(동영상)]
1280,,목3,일송자유교양대학,박혜민,태권도와호신술,한림소양,[오프라인]
1281,,수3,일송자유교양대학,정한영,풋살,한림소양,[오프라인]
1282,[전환(동영상)],수7,일송자유교양대학,박병훈,합창,일반교양,[전환(동영상)]
1283,[전환(동영상)],화B 목B,일송자유교양대학,유종수,동아시아역사문화유산의이해,일반교양,[전환(동영상)]
1284,[전환(화상)],화E 목E,일송자유교양대학,한상민,기후변화의이해,일반교양,[전환(화상)]
1285,[동영상 콘텐츠]지정학과 1학년 외,온라인7,일송자유교양대학,이성룡,창의코딩SW융합콘텐츠,기초,[동영상 콘텐츠]
1286,[동영상 콘텐츠]지정학과 1학년 외,온라인7,일송자유교양대학,이성룡,창의코딩SW융합콘텐츠,기초,[동영상 콘텐츠]
1287,[동영상 콘텐츠]지정학과 1학년 외,온라인7,일송자유교양대학,김진환,창의코딩SW융합콘텐츠,기초,[동영상 콘텐츠]
1288,[동영상 콘텐츠]지정학과 1학년 외,온라인7,일송자유교양대학,김진환,창의코딩SW융합콘텐츠,기초,[동영상 콘텐츠]
1289,[동영상 콘텐츠]지정학과 1학년 외,온라인7,일송자유교양대학,김진환,창의코딩SW융합콘텐츠,기초,[동영상 콘텐츠]
1290,[동영상 콘텐츠]지정학과 1학년 외,온라인7,일송자유교양대학,김진환,창의코딩SW융합콘텐츠,기초,[동영상 콘텐츠]
1291,[동영상 콘텐츠]지정학과 1학년 외,온라인7,일송자유교양대학,김진환,창의코딩SW융합콘텐츠,기초,[동영상 콘텐츠]
1292,[동영상 콘텐츠]지정학과 1학년 외,온라인7,일송자유교양대학,간진숙,창의코딩SW융합콘텐츠,기초,[동영상 콘텐츠]
1293,[동영상 콘텐츠]지정학과 1학년 외,온라인7,일송자유교양대학,이종완,창의코딩SW융합콘텐츠,기초,[동영상 콘텐츠]
1294,[동영상 콘텐츠]지정학과 1학년 외,온라인7,일송자유교양대학,이종완,창의코딩SW융합콘텐츠,기초,[동영상 콘텐츠]
1295,[동영상 콘텐츠]지정학과 1학년 외,온라인7,일송자유교양대학,임윤상,창의코딩SW융합콘텐츠,기초,[동영상 콘텐츠]
1296,[동영상 콘텐츠]지정학과 1학년 외,온라인7,일송자유교양대학,임윤상,창의코딩SW융합콘텐츠,기초,[동영상 콘텐츠]
1297,[동영상 콘텐츠]지정학과 1학년 외,온라인7,일송자유교양대학,정연진,창의코딩SW융합콘텐츠,기초,[동영상 콘텐츠]
1298,[동영상 콘텐츠]지정학과 1학년 외,온라인7,일송자유교양대학,정연진,창의코딩SW융합콘텐츠,기초,[동영상 콘텐츠]
1299,[동영상 콘텐츠]지정학과 1학년 외,온라인7,일송자유교양대학,정연진,창의코딩SW융합콘텐츠,기초,[동영상 콘텐츠]
1300,[동영상 콘텐츠]지정학과 1학년 외,온라인7,일송자유교양대학,정연진,창의코딩SW융합콘텐츠,기초,[동영상 콘텐츠]
1301,[전환(동영상)],화3,일송자유교양대학,김동일,알기쉬운미분적분학,일반교양,[전환(동영상)]
1302,,월7,일송자유교양대학,김태운,SW실전영어II,기초,[오프라인]
1303,[동영상 콘텐츠],온라인7,일송자유교양대학,SAITO AKEMI,테크니컬라이팅기초,기초,[동영상 콘텐츠]
1304,[전환(동영상)],금5,일송자유교양대학,신진호,국제레저산업2,일반교양,[전환(동영상)]
1305,,화7,일송자유교양대학,임종국,스포츠-바이시클라이딩,한림소양,[오프라인]
1306,[전환(화상)],월3,자유교양전공,방기석,[첨단기초]ICT로디자인하는 세상,일반교양,[전환(화상)]
1307,,월3,자유교양전공,조정래,[명저]동양의미,일반교양,[오프라인]
1308,[전환(화상)],화B 목B,자유교양전공,노재옥,[명저]과학기술혁명의시대,일반교양,[전환(화상)]
1309,[전환(화상)],월3,일송자유교양대학,심보경,사고와표현,기초,[전환(화상)]
1310,[전환(화상)],월5,일송자유교양대학,심보경,사고와표현,기초,[전환(화상)]
1311,[전환(화상)],화C 목C,일송자유교양대학,도애경,사고와표현,기초,[전환(화상)]
1312,[전환(화상)],화B 목B,일송자유교양대학,도애경,사고와표현,기초,[전환(화상)]
1313,[전환(화상)],화E 목E,일송자유교양대학,김기우,사고와표현,기초,[전환(화상)]
1314,[전환(화상)],화F 목F,일송자유교양대학,김기우,사고와표현,기초,[전환(화상)]
1315,[전환(화상)],화C 목C,일송자유교양대학,김기우,사고와표현,기초,[전환(화상)]
1316,[전환(화상)],월3,일송자유교양대학,김양선,사고와표현,기초,[전환(화상)]
1317,[전환(화상)],월7,일송자유교양대학,김양선,사고와표현,기초,[전환(화상)]
1318,[전환(화상)],화E 목E,일송자유교양대학,김기우,사고와표현,기초,[전환(화상)]
1319,[전환(화상)],화F 목F,일송자유교양대학,김기우,사고와표현,기초,[전환(화상)]
1320,[전환(화상)],화C 목C,일송자유교양대학,김기우,사고와표현,기초,[전환(화상)]
1321,[전환(화상)],월5,일송자유교양대학,이수현,사고와표현,기초,[전환(화상)]
1322,[전환(화상)],월7,일송자유교양대학,이수현,사고와표현,기초,[전환(화상)]
1323,[전환(화상)],화D 목D,일송자유교양대학,이현준,사고와표현,기초,[전환(화상)]
1324,[전환(화상)],화C 목C,일송자유교양대학,이현준,사고와표현,기초,[전환(화상)]
1325,[전환(화상)],화A 목A,일송자유교양대학,박진현,사고와표현,기초,[전환(화상)]
1326,[전환(화상)],화C 목C,일송자유교양대학,박진현,사고와표현,기초,[전환(화상)]
1327,[전환(화상)],화E 목E,일송자유교양대학,채경민,사고와표현,기초,[전환(화상)]
1328,[전환(화상)],화C 목C,일송자유교양대학,채경민,사고와표현,기초,[전환(화상)]
1329,[전환(화상)],월3,일송자유교양대학,정원채,사고와표현,기초,[전환(화상)]
1330,[전환(화상)],월5,일송자유교양대학,정원채,사고와표현,기초,[전환(화상)]
1331,[전환(화상)],수6 금5,일송자유교양대학,심재욱,사고와표현,기초,[전환(화상)]
1332,[전환(화상)],수4 금3,일송자유교양대학,심재욱,사고와표현,기초,[전환(화상)]
1333,[전환(화상)],화A 목A,일송자유교양대학,이한범,사고와표현,기초,[전환(화상)]
1334,[전환(화상)],화D 목D,일송자유교양대학,이현준,사고와표현,기초,[전환(화상)]
1335,[전환(화상)],화C 목C,일송자유교양대학,이현준,사고와표현,기초,[전환(화상)]
1336,[동영상 콘텐츠]지정학과 1학년 외,온라인7,일송자유교양대학,양은샘,창의코딩-R과빅데이터,기초,[동영상 콘텐츠]
1337,[동영상 콘텐츠]지정학과 1학년 외,온라인4,일송자유교양대학,양은샘,창의코딩-R과빅데이터,기초,[동영상 콘텐츠]
1338,[동영상 콘텐츠]지정학과 1학년 외,온라인0,일송자유교양대학,양은샘,창의코딩-R과빅데이터,기초,[동영상 콘텐츠]
1339,[동영상 콘텐츠]지정학과 1학년 외,온라인7,일송자유교양대학,양은샘,창의코딩-R과빅데이터,기초,[동영상 콘텐츠]
1340,[동영상 콘텐츠]지정학과 1학년 외,온라인5,일송자유교양대학,이성룡,창의코딩-R과빅데이터,기초,[동영상 콘텐츠]
1341,[동영상 콘텐츠]지정학과 1학년 외,온라인7,일송자유교양대학,김병정,창의코딩-R과빅데이터,기초,[동영상 콘텐츠]
1342,[동영상 콘텐츠]지정학과 1학년 외,온라인0,일송자유교양대학,김병정,창의코딩-R과빅데이터,기초,[동영상 콘텐츠]
1343,[동영상 콘텐츠]지정학과 1학년 외,온라인1,일송자유교양대학,이재영,창의코딩-R과빅데이터,기초,[동영상 콘텐츠]
1344,[동영상 콘텐츠]지정학과 1학년 외,온라인7,일송자유교양대학,한준희,창의코딩-R과빅데이터,기초,[동영상 콘텐츠]
1345,[동영상 콘텐츠]지정학과 1학년 외,온라인4,일송자유교양대학,한준희,창의코딩-R과빅데이터,기초,[동영상 콘텐츠]
1346,[동영상 콘텐츠]지정학과 1학년 외,온라인4,일송자유교양대학,황현석,창의코딩-R과빅데이터,기초,[동영상 콘텐츠]
1347,[동영상 콘텐츠]지정학과 1학년 외,온라인4,일송자유교양대학,황현석,창의코딩-R과빅데이터,기초,[동영상 콘텐츠]
1348,[동영상 콘텐츠]지정학과 1학년 외,온라인7,일송자유교양대학,황현석,창의코딩-R과빅데이터,기초,[동영상 콘텐츠]
1349,[동영상 콘텐츠]지정학과 1학년 외,온라인7,일송자유교양대학,김동회,창의코딩-R과빅데이터,기초,[동영상 콘텐츠]
1350,[동영상 콘텐츠]지정학과 1학년 외,온라인1,일송자유교양대학,이덕영,창의코딩-R과빅데이터,기초,[동영상 콘텐츠]
1351,[동영상 콘텐츠]지정학과 1학년 외,온라인4,일송자유교양대학,이덕영,창의코딩-R과빅데이터,기초,[동영상 콘텐츠]
1352,[동영상 콘텐츠]지정학과 1학년 외,온라인3,일송자유교양대학,이덕영,창의코딩-R과빅데이터,기초,[동영상 콘텐츠]
1353,[동영상 콘텐츠]지정학과 1학년 외,온라인1,일송자유교양대학,이덕영,창의코딩-R과빅데이터,기초,[동영상 콘텐츠]
1354,[동영상 콘텐츠]지정학과 1학년 외,온라인1,일송자유교양대학,이은주,창의코딩-R과빅데이터,기초,[동영상 콘텐츠]
1355,[동영상 콘텐츠]지정학과 1학년 외,온라인0,일송자유교양대학,이은주,창의코딩-R과빅데이터,기초,[동영상 콘텐츠]
1356,[전환(동영상)]전체학년,수10,일송자유교양대학,이정근,직무및기업탐색,일반교양,[전환(동영상)]
1357,[전환(화상)]의예과 대상 필수기초 과목임,화B 목B,일송자유교양대학,BAEK THOMAS SEUNGWUN,의예과영어2,기초,[전환(화상)]
1358,[전환(화상)]의예과 대상 필수기초 과목임,화B 목B,일송자유교양대학,PETERSON JOSHUA,의예과영어2,기초,[전환(화상)]
1359,[전환(화상)]의예과 대상 필수기초 과목임,화B 목B,일송자유교양대학,박미경,의예과영어2,기초,[전환(화상)]
1360,해당자에 한하여 별도입력함,,일송자유교양대학,이정근,커리어디자인I,일반교양,[오프라인]
1361,해당자에 한하여 별도입력함,,일송자유교양대학,이정근,커리어디자인II,일반교양,[오프라인]
1362,[전환(동영상)],화C 목C,일송자유교양대학,주한나,국제개발협력과진로탐색,일반교양,[전환(동영상)]
1363,[동영상 콘텐츠]지정학과 1학년 외,온라인1,일송자유교양대학,이주성,창의코딩인공지능,기초,[동영상 콘텐츠]
1364,[동영상 콘텐츠]지정학과 1학년 외,온라인1,일송자유교양대학,이주성,창의코딩인공지능,기초,[동영상 콘텐츠]
1365,[동영상 콘텐츠]지정학과 1학년 외,온라인1,일송자유교양대학,이주성,창의코딩인공지능,기초,[동영상 콘텐츠]
1366,[블렌디드]지정학과 1학년 외,화D 목D,일송자유교양대학,이창희,창의코딩인공지능,기초,[블렌디드]
1367,[전환(화상)]1학년 대상분반(2,월5,자유교양전공,김양선,[삶의질문]삶의큰질문:인생,기초,[전환(화상)]
1368,[전환(화상)]2,화E 목E,자유교양전공,김양선,[삶의질문]삶의큰질문:인생,기초,[전환(화상)]
1369,[전환(화상)]1학년 대상분반(2,화C 목C,자유교양전공,심보경,[삶의질문]삶의큰질문:인생,기초,[전환(화상)]
1370,[실시간 화상강의],화D 목D,자유교양전공,장세진,[명저]동아시아의스테디셀러를읽는다,일반교양,[실시간 화상강의]
1371,[전환(동영상)],화B 목B,자유교양전공,이재진,[첨단기초]어떻게풀것인가,일반교양,[전환(동영상)]
1372,[전환(화상)],화D 목D,자유교양전공,김설,[명저]생각의유혹,일반교양,[전환(화상)]
1373,[전환(동영상)],월3,미래융합스쿨,최정화,디지털소비자행동의이해,전선,[전환(동영상)]
1374,[전환(동영상)],수7,미래융합스쿨,미정,디지털마케팅솔루션기획,전선,[전환(동영상)]
1375,[전환(화상)],화C 목C,미래융합스쿨,윤태일,텍스트마이닝과마케팅커뮤니케이션,전선,[전환(화상)]
